Бренд	Артикул WB	Наименование	Себестоимость	Коледино	Краснодар	Казань	Шушары	Екатеринбург	Итого
ENOUGH	238415286	ENOUGH - Collagen Moisture Essential Cream [50ml] / Увлажняющий крем для лица с коллагеном	170.98	80	45	35	20	20	200
ENOUGH	238416010	ENOUGH - Collagen Whitening Moisture Cream 3in1 [50g] / Антивозрастной отбеливающий крем с коллагеном	194.91	55	75	30	20	20	200
ENOUGH	150925321	ENOUGH - Collagen Moisture Foundation [Tone 13] / Тональный крем для лица с коллагеном 13 тон	229.44	65	55	35	20	25	200
ENOUGH	150925322	ENOUGH - Collagen Moisture Foundation [Tone 21] / Тональный крем для лица с коллагеном 21 тон	257.45	70	35	35	20	20	180
ENOUGH	611747838	ENOUGH - Collagen Moisture Foundation [Tone 23] / Тональный крем для лица с коллагеном 23 тон	257.45	60	20	25	25	20	150
ENOUGH	207796789	ENOUGH - Gold Snail Moisture Foundation [Tone 13] / Тональный крем с муцином улитки 13 тон	260.39	60	50	45	20	25	200
ENOUGH	151132051	ENOUGH - Collagen 3in1 Whitening Moisture Foundation [Tone 13] / Тональный крем для лица с коллагеном 3в1 [13 тон]	252.42	55	50	35	20	20	180
ENOUGH	151132052	ENOUGH - Collagen 3in1 Whitening Moisture Foundation [Tone 21] / Тональный крем для лица с коллагеном 3в1 [21 тон]	236.75	50	40	20	20	20	150
ENOUGH	170198738	ENOUGH - Premium 8 Peptide Full Cover Perfect Foundation [Tone 13] / Тональный крем с пептидами 13 тон	356.05	55	50	35	20	20	180
ENOUGH	170198337	ENOUGH - Premium 8 Peptide Full Cover Perfect Foundation [Tone 21] / Тональный крем с пептидами 21 тон	323.06	60	50	40	20	30	200
ENOUGH	170198180	ENOUGH - Premium Rich Gold Double Wear Radiance Foundation [Tone 13] / Тональный крем с частичками золота 13 тон	285.83	65	60	35	20	20	200
ENOUGH	170198109	ENOUGH - Premium Rich Gold Double Wear Radiance Foundation [Tone 21] / Тональный крем с частичками золота 21 тон	285.83	60	45	35	20	20	180
ENOUGH	611744611	ENOUGH Collagen whitening cover tip concealer #02 [9g]/Консилер для лица	194.23	50	35	25	20	20	150
ETUDEHOUSE	151313163	ETUDE - Baking Powder Crunch Pore Scrub [200ml] / Очищающий скраб для лица с содой	382.69	75	50	35	20	20	200
ETUDEHOUSE	307073881	ETUDE - Baking Powder BB Deep Cleansing Foam [160ml] / Пенка с содой для глубокого очищения и снятия макияжа	310.46	70	60	30	20	20	200
ETUDEHOUSE	154160085	ETUDE - Baking Powder Crunch Pore Scrub [24*7ml] / Очищающий скраб для лица с содой	413.39	60	45	35	20	20	180
HEIMISH	207466866	HEIMISH - Artless Glow Base SPF50+ PA+++(Renew) [40ml] / База под макияж SPF50+ PA+++	816.71	75	60	25	20	20	200
I'MSORRYFORMYSKIN	206126372	I'm Sorry For My Skin - Age Capture Vitalizer Cream / Увлажняющий капсульный крем	607.6	75	35	20	30	20	180
JIGOTT	207482718	JIGOTT - Snail Lifting Cream [70ml] / Крем для лица увлажняющий антивозрастной	214.41	85	45	30	20	20	200
JIGOTT	207483179	JIGOTT - Snail Reparing Cream [100ml] / Крем для лица увлажняющий антивозрастной с муцином улитки	197.01	85	40	30	25	20	200
JIGOTT	207483780	JIGOTT - Birds Nest Firming Cream [70ml] / Антивозрастной крем с экстрактом ласточкиного гнезда	214.41	75	40	25	20	20	180
JIGOTT	212753217	JIGOTT - Collagen Healing Cream [100ml] / Крем для лица с коллагеном	185.95	55	30	25	20	20	150
JIGOTT	255574453	JIGOTT - Ассорти набор масок [27ml х 15]	354.09	55	35	20	20	20	150
JIGOTT	212760119	JIGOTT - Ultimate Real Collagen Toner [300ml] / тонер с коллагеном антивозрастной	281.28	70	40	30	20	20	180
JIGOTT	212757456	JIGOTT - Daily Real Cica Toner [300ml] / Тонер для лица с центеллой азиатской	281.28	75	40	25	20	20	180
JIGOTT	212883090	JIGOTT - Aura Secret Hyaluronec Acid Toner [300ml] / Тонер с гиалуроновой кислотой антивозрастной	171.86	75	35	30	20	20	180
JIGOTT	212759698	JIGOTT - Moisture Real Aloe Vera Toner [300ml] / Тонер для лица увлажняющий с экстрактом алоэ	176.41	70	40	30	20	20	180
JMSOLUTION	214977901	JMSOLUTION - MASK PACK BLACK [30ml*10ea] - ассорти набор 10шт в упаковке	490.99	75	35	25	25	20	180
LANEIGE	868761530	LANEIGE LIP SLEEPING MASK-BERRY [3g]	138.71	75	35	25	25	20	180
MANYO	198147185	MANYO - Bifida Biome Complex Ampoule [50ml] / Антивозрастная сыворотка для лица	953.77	85	45	25	25	20	200
MANYO	198156472	MANYO - Galac Whitening Vita Serum [50ml] / Осветляющая сыворотка с Витамином C	685.64	70	60	25	25	20	200
MANYO	198143251	MANYO - Bifida Biome Ampoule Lotion [300ml] / Укрепляющий лосьон с бифидобактериями	779.46	45	40	25	20	20	150
MANYO	198156698	MANYO - Pure Cleansing Oil [200ml] / Гидрофильное масло для глубокого очищения	904.18	80	55	20	25	20	200
MANYO	868575374	MANYO BIFIDA COMPLEX AMPOULE GEL CLEANSER [400ml] / Гель для умывания с бифидобактериями	784.3	55	65	20	20	20	180
MANYO	868700077	MANYO BIFIDA INFUSION SHOT AMPOULE 1DX [50ml] / Сыворотка с микроиглами и пробиотиками	1056.56	65	25	20	20	20	150
PETITFEE	179611231	PETITFEE - Collagen & CoQ10 Hydrogel Eye Patch [60ea] / Гидрогелевые патчи для глаз с коллагеном и коэнзимом Q10	408.15	65	25	20	20	20	150
PETITFEE	180988755	PETITFEE - Bera Glucan Deep Firming Eye Patch [60ea] / Тканевые патчи для век увлажняющие	515.89	90	20	30	20	20	180
PETITFEE	179611278	PETITFEE - Artichoke Soothing Hydrogel Eye Patch [60ea] / Смягчающие гидрогелевые патчи для глаз с экстрактом артишока	440.39	80	25	30	25	20	180
PETITFEE	180992464	PETITFEE - Aura Quartz Hydrogel Eye Patch [60ea]	626.77	65	25	20	20	20	150
PETITFEE	179611304	PETITFEE - Cacao Energizing Hydrogel Eye Patch [60ea] / Тонизирующие гидрогелевые патчи для глаз с экстрактом какао	440.39	50	35	25	20	20	150
PETITFEE	179611318	PETITFEE - Chamomile Lightening Hydrogel Eye Patch [60ea] / Успокаивающие гидрогелевые патчи для глаз с экстрактом ромашки	440.39	85	30	25	20	20	180
PETITFEE	180711041	PETITFEE - Gold & EGF Hydrogel Eye & Spot Patch [60ea]/ гидрогелевые патчи с золотом и EGF	408.15	50	35	25	20	20	150
PETITFEE	180987509	PETITFEE - Pink Vita Brightening Eye Patch [60ea] / Тканевые патчи для век увлажняющие	515.89	65	25	20	20	20	150
PETITFEE	151175880	PETITFEE - Black Pearl & Gold Hydrogel Eye Patch [60ea] / Гидрогелевые патчи для глаз с черным жемчугом и золотом	410.93	100	30	25	25	20	200
PETITFEE	151175877	PETITFEE - Agave Cooling Hydrogel Eye Patch [60ea] / Охлаждающие гидрогелевые патчи для глаз с экстрактом агавы	440.39	100	30	30	20	20	200
PETITFEE	179611207	PETITFEE - Gold & Snail Hydrogel Eye Patch [60ea] / Гидрогелевые патчи для глаз с золотом и улиткой	440.39	90	25	35	30	20	200
PETITFEE	180711104	PETITFEE - Gold Hydrogel Eye Patch [60ea] / гидрогелевые патчи для глаз с золотом	440.39	95	20	25	20	20	180
PETITFEE	226115478	PETITFEE - Black Pearl & Gold Hydrogel Mask Pack [5pcs] / Гидрогелевая маска для лица с черным жемчугом и золотом	485.22	85	30	25	20	20	180
PETITFEE	226117746	PETITFEE - Chamomile Lightening Hydrogel Mask Pack [5pcs] / Успокаивающая гидрогелевая маска для лица с экстрактом ромашки	508.03	85	30	20	25	20	180
PETITFEE	226115324	PETITFEE - Agave Cooling Hydrogel Face Mask [5pcs] / Охлаждающая гидрогелевая маска для лица с экстрактом агавы	508.03	95	30	30	25	20	200
PETITFEE	226114935	PETITFEE - Gold Hydrogel Mask Pack [5pcs] / Гидрогелевая маска для лица с золотом	537.59	90	30	20	20	20	180
PETITFEE	226115248	PETITFEE - Cacao Energizing Hydrogel Mask Pack [5pcs] / Тонизирующая гидрогелевая маска для лица с экстрактом какао	508.03	60	25	25	20	20	150
PETITFEE	226114831	PETITFEE - Artichoke Soothing Hydrogel Face Mask [5pcs] / Смягчающая гидрогелевая маска для лица с экстрактом артишока	508.03	50	35	25	20	20	150
PETITFEE	226115141	PETITFEE - Gold & Snail Hydrogel Mask Pack [5pcs] / Гидрогелевая маска для лица с золотом и экстрактом улитки	485.22	80	25	30	25	20	180
ROUND LAB	437154709	ROUND LAB 1025 DOKDO CLEANSER_150ml - Увлажняющая пенка для умывания лица	490.98	65	55	40	20	20	200
ROUND LAB	437190353	ROUND LAB BIRCH JUICE MOISTURIZING CREAM_80ml -Увлажняющий крем с березовым соком	1 158,54	55	30	25	20	20	150
ROUND LAB	437242640	ROUND LAB MUGWORT CALMING CLEANSER_150ml - Очищающая пенка для умывания лица от прыщей и акне	543.06	65	60	30	25	20	200
ROUND LAB	437254254	ROUND LAB SOYBEAN PANTHENOL CREAM_80ml - Крем для лица с чёрной соей и пантенолом успокаивающий	1 231,09	65	40	25	30	20	180
ROUND LAB	437776835	ROUND LAB PINE CALMING CICA AMPOULE_30ml - Сыворотка для жирной кожи лица увлажняющая с центеллой	868.9	45	45	20	20	20	150
CELIMAX	868516027	Celimax Dual Barrier Creamy Toner, тонер 150 мл		70	60	30	20	20	200
CELIMAX	551387355	CELIMAX THE VITA-A RETINAL SHOT TIGHTENING BOOSTER [15ml]/Подтягивающий бустер-крем с ретинолом для лица		60	30	20	20	20	150
CELIMAX	551465879	CELIMAX THE VITA-A RETINOL SHOT TIGHTENING SERUM [30ml]/Сыворотка с ретинолом и микроиглами для лица		70	55	30	25	20	200
CELIMAX	551447345	CELIMAX PORE+DARK SPOT BRIGHTENING CREAM [35ml]/Крем для выравнивания тона и рельефа кожи лица		50	35	25	20	20	150
CELIMAX	551392965	CELIMAX DUAL BARRIER SKIN WEARABLE CREAM [50ml]/Крем для восстановления защитного барьера кожи лица		50	35	25	20	20	150
CELIMAX	551607905	CELIMAX JI WOO GAE CICA BHA BLEMISH TONER PAD [170ml / 60pads]/Тонер-пэды от воспалений		75	55	30	20	20	200
CELIMAX	551472457	CELIMAX THE REAL NONI ENERGY AMPOULE_30ML (NEW) [30ml]/Восстанавливающая сыворотка с экстрактом нони для лица		50	35	25	20	20	150
CELIMAX	551540924	CELIMAX PORE+DARK SPOT BRIGHTENING PAD [100ml / 40pads]/Тонер-пэды для выравнивания тона и рельефа кожи		70	60	30	20	20	200
CELIMAX	551482493	CELIMAX PORE+DARK SPOT BRIGHTENING SERUM_30ml [30ml]/Сыворотка для выравнивания тона и рельефа кожи лица		50	35	25	20	20	150
CELIMAX	551518955	CELIMAX THE REAL NONI MOISTURE BALANCING TONER (NEW) [150ml]/Восстанавливающий тонер с экстрактом нони		50	35	25	20	20	150
CELIMAX	551600265	CELIMAX JI WOO GAE CICA BHA BLEMISH TONER PAD_10EA [30ml]/успокаивающие тонер-пэды		50	35	25	20	20	150