nm,Артикул продавца,Название,Предмет,Бренд,missed_orders,missed_orders_amount,missed_buyouts,missed_buyouts_amount,ordered_units,bought_units,current_stock,current_stock_value,cost,net_units,profit_after_cogs_before_storage_ads,profit_per_unit_after_cogs_before_storage_ads,"Выкупы, ₽",Категория,Хранение_период,Хранение_месяц30,Косметика,Переплата_ИРП_период,Переплата_ИРП_месяц,storage_per_sold_unit,profit_per_unit_after_storage_before_ads,potential_profit_before_ads_after_storage,potential_profit_before_ads_before_storage,avg_missed_buyout_price,potential_profit_pct_of_missed_buyout_amount,eligible
238415286,ENOUGH - Collagen Moisture Essential Cream [50ml] N,Увлажняющий крем для лица Корея Collagen,Кремы,ENOUGH,18842.850000000002,12492908.55,18279.45,12119188.95,1207,908,2128,1410864,161.3,2638.0,522770.27,198.1691698256255,1747912.73,Красота,8241.082,4262.628620689656,True,10487.47638,5826.375766666667,3.1239886277482944,195.04518119787718,3565318.6374475365,3622423.43136903,662.9952733807636,29.418789096835862,True
176945700,sBotW400,Квадратный робот мойщик квадратный с распылением,Роботы-стеклоочистители,SKL TECH,2704.36,21299389.93,2446.81,19270876.66,21,19,0,0,4445.896031746033,267.0,295891.6095238093,1108.2082753700722,2289773.75,Бытовая техника,1423.9294938,736.5152554137932,False,13536.73056,7520.405866666667,5.33306926516854,1102.8752061049038,2698526.0830495395,2711575.0902582463,7875.918710484263,14.003130893628684,True
207469760,FARMSTAY - Gold Snail Premium Cream [50ml],Корейский крем для лица антивозрастной премиум,Кремы,farmstay,3022.1400000000003,4203311.2,2953.06,4107235.44,565,513,0,0,431.05,1023.0,346120.9,338.339100684262,1327724.95,Красота,2050.92,1060.8206896551726,True,7966.349700000001,4425.749833333334,2.004809384164223,336.3342913000978,993215.3422666667,999135.6646666668,1390.8404976532818,24.182089309851364,True
238358009,ENOUGH - Collagen Moisture Sun Cream SPF50+ PA++++ [50ml] N,Солнцезащитный крем СПФ 50 для лица и тела,Кремы,ENOUGH,6294.48,3532104.0,6038.4,3388425.12,300,283,0,0,180.54,1143.0,151347.55000000002,132.41255468066493,649168.84,Красота,1642.588,849.6144827586206,True,3891.52704,2161.9594666666667,1.437084864391951,130.97546981627298,790882.2769385827,799559.970183727,561.1461844197139,23.34070398281614,True
100680843,sBotW120_100680843,Робот мойщик окон с распылением мощный,Роботы-стеклоочистители,SKL TECH,857.2,4080186.4000000004,755.1999999999999,3594450.0,131,111,1,4760,2517.3661764705885,558.0,332491.0735294116,595.8621389415978,2850171.69,Бытовая техника,3459.23634,1789.2601758620688,False,16920.49014,9400.2723,6.199348279569892,589.6627906620279,445313.3395079634,449995.0873286946,4759.600105932203,12.388914562950198,True
169076150,FARMSTAY ESCARGOT NOBLESSE INTENSIVE CREAM,Антивозрастной крем для лица от морщин,Кремы,farmstay,867.92,899670.52,848.73,879824.83,414,399,0,0,313.84,1098.0,345370.43000000005,314.5450182149363,1179030.77,Красота,2275.488,1176.9765517241378,True,7074.18462,3930.102566666667,2.0723934426229507,312.47262477231334,265204.8908230055,266963.7933095629,1036.6368927691963,30.14291956536457,True
437845041,ROUND LAB VITA NIACINAMIDE DARK SPOT CREAM 50ml,Крем для лица с ниацинамидом от чёрных точек Корея,Кремы,round lab,351.6,838766.04,331.20000000000005,790141.92,69,65,0,0,1024.65,137.0,59947.46999999997,437.5727737226275,326749.52,Красота,503.9455,260.66146551724137,True,1960.49712,1089.1650666666667,3.678434306569343,433.8943394160582,143705.80521459848,144924.10265693426,2385.6942028985504,18.187340979782274,True
207796898,ENOUGH - Gold Snail Moisture Foundation [Tone 21],Тональный крем для лица матовый увлажняющий с муцином,Тональные кремы,ENOUGH,639.8,550688.0,575.0,494963.6,176,151,0,0,270.81,387.0,92255.23,238.38560723514215,344396.35,Красота,1186.976,613.953103448276,True,2066.3781,1147.9878333333334,3.0671214470284243,235.31848578811372,135308.12932816538,137071.72416020674,860.8062608695652,27.33698585677116,True
207477077,FARMSTAY - Collagen Water Full Moist Cream [100g],Увлажняющий крем для лица с коллагеном,Кремы,farmstay,232.35,357218.7,228.6,351457.05000000005,154,122,211,324307,484.42,288.0,136634.4,474.4249999999999,457697.06,Красота,672.868,348.03517241379313,True,2746.18236,1525.656866666667,2.3363472222222224,472.08865277777767,107919.46602499997,108453.55499999998,1537.432414698163,30.706302811396146,True
212759698,JIGOTT - Moisture Real Aloe Vera Toner [300ml],Корейский успокаивающий тонер с алоэ,Тоники,Jigott,220.95000000000002,217332.81,208.98,205585.11000000002,38,35,0,0,166.42,90.0,36506.619999999995,405.62911111111106,91589.94,Красота,323.694,167.42793103448275,True,549.5396400000001,305.29980000000006,3.5966,402.03251111111103,84016.75417199999,84768.37163999998,983.7549526270458,40.867139732055485,True
226114935,PETITFEE - Gold Hydrogel Mask Pack [5pcs],Маски для лица с золотом,Маски гидрогелевые,Petitfee,220.88,322662.23,201.08,293853.12,59,51,0,0,507.16,162.0,64479.48,398.02148148148143,243612.72,Красота,441.16,228.18620689655177,True,1468.1988,815.666,2.7232098765432102,395.29827160493824,79486.57645432098,80034.15949629628,1461.3741794310722,27.049764336114922,True
551607905,CELIMAX JI WOO GAE CICA BHA BLEMISH TONER PAD [170ml / 60pads],Успокаивающие тонер пэды для лица с кислотами,Пэды косметические,Celimax,180.15,327780.9,166.35,302780.7,130,109,0,0,707.88,259.0,115218.02,444.85722007722006,498471.44,Красота,572.456,296.09793103448277,True,2979.48864,1655.2714666666668,2.2102548262548263,442.64696525096525,73634.32266949807,74001.99855984555,1820.1424706943194,24.319358093001988,True
214305722,DEOPROCE SHAMPOO+BALSAM - BLACK GARLIC[2000ml],Шампунь для волос женский и бальзам c черным чесноком набор,Шампуни,DEOPROCE,49.94,127535.21,49.39,126016.88,105,83,23,58683,726.85,150.0,114843.28,765.6218666666666,394444.34,Красота,2358.88464,1220.112744827586,True,2375.10204,1319.5011333333332,15.725897600000001,749.8959690666666,37037.361912202665,37814.06399466666,2551.4654788418707,29.390794242963853,True
611717011,ENOUGH Collagen whitening cover tip concealer #01,"Консилер для лица плотный 01, корректор светлый",Корректоры,ENOUGH,113.58,96385.74,113.58,96385.74,2,1,0,0,183.24,11.0,3258.8499999999995,296.25909090909084,9328.0,Красота,16.456,8.511724137931035,True,55.968,31.093333333333337,1.496,294.76309090909086,33479.19186545454,33649.107545454535,848.6154252509245,34.734590267662554,True
206135397,I'm Sorry For My Skin Age Capture Hydrating,Крем для лица увлажняющий ежедневный,Кремы,I'm Sorry for My Skin,34.2,54368.3,32.1,50970.299999999996,16,15,0,0,616.08,148.0,50546.08,341.5275675675676,235275.53,Красота,295.072,152.62344827586207,True,1411.65318,784.2517666666668,1.9937297297297298,339.53383783783784,10899.036194594595,10963.03491891892,1587.859813084112,21.383111723090888,True
551540924,CELIMAX PORE+DARK SPOT BRIGHTENING PAD [100ml / 40pads],Отбеливающие тонер пэды для лица,Пэды косметические,Celimax,19.040000000000003,35226.380000000005,15.260000000000002,28181.02,5,4,0,0,556.18,71.0,40908.53,576.1764788732394,129996.11,Красота,88.348,45.69724137931035,True,788.10702,437.83723333333336,1.2443380281690142,574.9321408450703,8773.464469295774,8792.453067605633,1846.7247706422017,31.132529870443914,True
199367159,Dr.Jart_Dermaclear_Micro_Foam,Пенка для умывания Dermaclear Micro Foam,Скрабы,dr.Jart+,12.16,21262.4,12.16,21262.4,3,3,0,0,690.39,27.0,9059.27,335.5285185185185,46994.0,Красота,11.912,6.161379310344828,True,281.964,156.64666666666668,0.44118518518518524,335.08733333333333,4074.661973333333,4080.0267851851854,1748.5526315789475,19.16369729350089,True
