nm,Артикул продавца,Название_sku,Предмет_sku,Бренд_sku,recommended_supply_qty,first_wave_14d_qty,regions,nonlocal_orders,current_wb_stock_regions,allocated_lost_profit,profit_if_recommended_qty_sells,allocated_irp_saving_month,profit_per_unit,missed_profit_sku,missed_buyouts_sku,missed_buyouts_amount_sku,irp_saving_sku_month
868516027,Celimax Dual Barrier Creamy Toner,Кремовый тонер с молочной текстурой Dual Barrier,Тоники,Celimax,5608.0,2622.0,"Южный и Северо-Кавказский, Центральный, Дальневосточный и Сибирский, Приволжский, Северо-Западный",2900,141,0.0,2127932.572302803,32247.443267906336,379.4458937772473,0.0,0.0,0.0,32291.9225
437154709,ROUND LAB 1025 DOKDO CLEANSER_150ml,Увлажняющая пенка для умывания лица Корея,Пенки,round lab,1456.0,683.0,"Дальневосточный и Сибирский, Центральный, Южный и Северо-Кавказский, Приволжский, Северо-Западный",490,176,0.0,612769.5915699337,9802.556328063241,420.85823596836104,0.0,0.0,0.0,10122.6398
168956391,FARMSTAY COLLAGEN&HYALURONIC ACID ALL-IN ONE AMPOULE,Сыворотка для лица увлажняющая 3в1 с коллагеном,Сыворотки,Farm Stay,993.0,466.0,"Дальневосточный и Сибирский, Приволжский, Южный и Северо-Кавказский, Северо-Западный, Беларусь",541,171,0.0,391782.31888333336,10877.678788605446,394.5441277777778,0.0,0.0,0.0,11822.689700000004
238359400,LEBELAGE - High Protection Extreme Sun Cream SPF50+ PA++ [30ml] N,Солнцезащитный крем СПФ 50 для лица и тела,Кремы,Lebelage,949.0,447.0,"Приволжский, Центральный, Южный и Северо-Кавказский, Дальневосточный и Сибирский, Северо-Западный",445,0,0.0,0.0,1623.3548517715112,,,358.58,122490.12,1681.7226666666668
207469760,FARMSTAY - Gold Snail Premium Cream [50ml],Корейский крем для лица антивозрастной премиум,Кремы,farmstay,609.0,287.0,"Центральный, Дальневосточный и Сибирский, Южный и Северо-Кавказский, Приволжский, Северо-Западный",219,0,41630.345399914186,204827.58340175956,4124.422185106383,336.3342913000978,45146.15192121212,134.23,186692.52,4425.749833333334
207472742,FARMSTAY - Black Garlic Nourishing Shampoo [530ml],Корейский шампунь против выпадения волос с черным чесноком,Шампуни,Farm Stay,519.0,244.0,"Центральный, Дальневосточный и Сибирский, Северо-Западный, Беларусь",185,161,0.0,178432.60886811174,7520.14035436137,343.80078779982995,0.0,0.0,0.0,8698.973166666667
207482718,JIGOTT - Snail Lifting Cream [70ml],Крем для лица антивозрастной Snail Lifting Cream,Кремы,Jigott,477.0,225.0,"Дальневосточный и Сибирский, Южный и Северо-Кавказский, Приволжский, Северо-Западный, Беларусь",267,133,0.0,82577.60596011601,3194.5869540350873,173.11867077592456,0.0,0.0,0.0,3409.9523666666664
333318356,ENOUGH - Collagen Moisture Sun Cream SPF50+ PA++++ [50ml] N2,Солнцезащитный крем для лица спф 50,Кремы,ENOUGH,444.0,210.0,"Южный и Северо-Кавказский, Центральный, Дальневосточный и Сибирский, Северо-Западный, Беларусь",271,0,0.0,0.0,935.3288213523132,,,0.0,0.0,969.8428
238359757,LEBELAGE - High Protection Long Lasting Sun Cream SPF50+ PA+++ [30ml] N,Солнцезащитный крем СПФ 50 для лица и тела,Кремы,Lebelage,381.0,180.0,"Дальневосточный и Сибирский, Центральный, Южный и Северо-Кавказский, Приволжский, Северо-Западный",183,0,0.0,0.0,1417.0227183246075,,,231.92,99464.83,1478.9690666666668
238358009,ENOUGH - Collagen Moisture Sun Cream SPF50+ PA++++ [50ml] N,Солнцезащитный крем СПФ 50 для лица и тела,Кремы,ENOUGH,341.0,163.0,"Приволжский, Дальневосточный и Сибирский, Южный и Северо-Кавказский, Центральный, Северо-Западный",186,0,31964.82535960105,44662.635207349085,2062.176722051282,130.97546981627298,32953.42820577428,251.6,141184.38,2161.9594666666667
238415286,ENOUGH - Collagen Moisture Essential Cream [50ml] N,Увлажняющий крем для лица Корея Collagen,Кремы,ENOUGH,269.0,127.0,"Дальневосточный и Сибирский, Беларусь, Казахстан, Армения",227,0,15100.634493039619,52467.15374222897,2096.017906550449,195.04518119787718,79229.30305438969,406.21,269315.31,5826.375766666667
207796789,ENOUGH - Gold Snail Moisture Foundation [Tone 13],Тональный крем для лица матовый увлажняющий с муцином,Тональные кремы,ENOUGH,223.0,105.0,"Дальневосточный и Сибирский, Приволжский, Уральский, Беларусь",126,0,0.0,69754.0941252588,1332.96408,312.7986283643892,0.0,0.0,0.0,1586.862
207476309,FARMSTAY Argan Oil Complete Volume Up Shampoo & Conditioner [530ml],Корейский шампунь для волос с аргановым маслом,Шампуни,Farm Stay,211.0,102.0,"Дальневосточный и Сибирский, Северо-Западный, Приволжский, Уральский, Беларусь",128,24,0.0,65228.13781467287,3007.0138463104327,309.1380939084022,0.0,0.0,0.0,3077.4907333333335
169076150,FARMSTAY ESCARGOT NOBLESSE INTENSIVE CREAM,Антивозрастной крем для лица от морщин,Кремы,farmstay,210.0,100.0,"Дальневосточный и Сибирский, Приволжский, Северо-Западный, Уральский",128,0,6068.761803730104,65619.2512021858,3445.569373515982,312.47262477231334,13958.152148579238,44.67,46306.57,3930.102566666667
151313163,Etude Baking Powder Crunch Pore Scrub,Скраб для лица Baking Powder с содой Корейский,Скрабы,Etude house,202.0,96.0,"Дальневосточный и Сибирский, Северо-Западный, Приволжский",179,136,0.0,77484.18758911565,5630.648017340067,383.58508707482997,0.0,0.0,0.0,6228.314566666667
551465879,CELIMAX THE VITA-A RETINOL SHOT TIGHTENING SERUM [30ml],Лифтинг-сыворотка для лица с микроиглами и ретинолом,Сыворотки,Celimax,191.0,91.0,"Дальневосточный и Сибирский, Северо-Западный, Приволжский, Беларусь",152,93,0.0,132005.6397346154,4667.141372549019,691.1290038461539,0.0,0.0,0.0,5219.829166666666
207475898,FARMSTAY - Collagen Water Full Shampoo & Conditioner [530ml],Корейский шампунь для волос с коллагеном,Шампуни,Farm Stay,166.0,80.0,"Центральный, Дальневосточный и Сибирский, Приволжский, Уральский",92,83,0.0,45638.706956282826,1566.9867719298245,274.9319696161616,0.0,0.0,0.0,1941.701
207796898,ENOUGH - Gold Snail Moisture Foundation [Tone 21],Тональный крем для лица матовый увлажняющий с муцином,Тональные кремы,ENOUGH,138.0,66.0,"Центральный, Дальневосточный и Сибирский, Приволжский, Северо-Западный",99,0,4497.45770778277,32473.951038759693,931.5638975409836,235.31848578811372,6765.40646640827,28.75,24748.18,1147.9878333333334
207479264,EKEL Ampoule Cream Collagen [50ml],Ампульный крем для лица с коллагеном,Кремы,EKEL,129.0,63.0,"Центральный, Южный и Северо-Кавказский, Приволжский, Дальневосточный и Сибирский, Северо-Западный",77,0,0.0,38275.299750000006,462.5162948717949,296.70775000000003,0.0,0.0,0.0,468.523
207796563,ELIZAVECCA - Aqua Hyaluronic Acid Water Drop Cream,Крем для лица Aqua Hyaluronic Acid Water Drop,Кремы,Elizavecca,114.0,56.0,"Центральный, Приволжский, Дальневосточный и Сибирский, Уральский, Северо-Западный",103,52,0.0,27544.044927038623,693.0425317307693,241.61442918454935,0.0,0.0,0.0,699.7711
179611207,Petitfee GOLD & SNAIL HYDROGEL EYE PATCH,Гидрогелевые патчи для глаз Корея антивозрастные от отеков,Патчи,Petitfee,111.0,54.0,"Центральный, Приволжский, Северо-Западный, Дальневосточный и Сибирский",59,0,0.0,25650.647066147852,795.6680723004696,231.08691050583653,0.0,0.0,0.0,957.4988666666668
226115324,PETITFEE - Agave Cooling Hydrogel Face Mask [5pcs],Корейские гидрогелевые маски для лица охлаждающие с агавой,Маски гидрогелевые,Petitfee,107.0,52.0,"Дальневосточный и Сибирский, Южный и Северо-Кавказский, Северо-Западный, Уральский",87,1,0.0,42543.24748862201,1688.9030463917527,397.60044381889725,0.0,0.0,0.0,1883.0298333333335
238358954,ENOUGH - Collagen 3in1 Sun Cream SPF50 PA++ [50ml] N,Солнцезащитный крем СПФ 50 для лица и тела,Кремы,ENOUGH,106.0,50.0,"Южный и Северо-Кавказский, Дальневосточный и Сибирский, Беларусь",89,85,0.0,30813.13130300568,2533.3952053333333,290.6899179528838,0.0,0.0,0.0,3558.139333333333
868761530,LANEIGE LIP SLEEPING MASK-BERRY [3g],Бальзам маска для губ Lip Sleeping Mask Berry,Бальзамы,LANEIGE,93.0,46.0,"Приволжский, Южный и Северо-Кавказский, Дальневосточный и Сибирский, Северо-Западный",71,8,0.0,21829.543363636363,255.47194275362318,234.72627272727271,0.0,0.0,0.0,331.03406666666666
198156698,Manyo_Pure_Cleansing_Oil,Гидрофильное масло Ma:nyo Pure Cleansing Oil для умывания,Гидрофильные масла,manyo,72.0,36.0,"Центральный, Дальневосточный и Сибирский, Северо-Западный",54,0,0.0,84140.66811235955,1661.2407714285716,1168.6203904494382,0.0,0.0,0.0,1938.1142333333337
169198316,Etude House Baking Powder Pore Cleansing Foam 160 ml белая,Пенка для умывания от черных точек Baking Powder 160ml,Скрабы,Etude house,71.0,35.0,"Дальневосточный и Сибирский, Южный и Северо-Кавказский, Северо-Западный",76,37,0.0,24672.720959074733,878.8086790697675,347.5031120996441,0.0,0.0,0.0,994.4414
170198835,Enough Collagen Foundation Cover Up Ultra X10 13 тон,Тональный крем для лица увлажняющий матовый коллаген,Тональные кремы,ENOUGH,70.0,34.0,"Приволжский, Дальневосточный и Сибирский, Северо-Западный",57,0,0.0,17260.775084134617,951.7842876543211,246.5825012019231,0.0,0.0,0.0,1352.535566666667
551607905,CELIMAX JI WOO GAE CICA BHA BLEMISH TONER PAD [170ml / 60pads],Успокаивающие тонер пэды для лица с кислотами,Пэды косметические,Celimax,67.0,32.0,"Дальневосточный и Сибирский, Южный и Северо-Кавказский",47,0,2152.3878934160975,29657.346671814674,1318.6060836158192,442.64696525096525,4908.954844633205,11.09,20185.38,1655.2714666666668
214964091,JMSOLUTION - Mask Pack Disney,Набор корейских тканевых масок для лица 10 шт,Маски тканевые косметические,JMSolution,66.0,32.0,"Дальневосточный и Сибирский, Северо-Западный",68,20,0.0,11289.688890199453,1106.7593454545454,171.0558922757493,0.0,0.0,0.0,1432.2768
214305722,DEOPROCE SHAMPOO+BALSAM - BLACK GARLIC[2000ml],Шампунь для волос женский и бальзам c черным чесноком набор,Шампуни,DEOPROCE,65.0,32.0,"Центральный, Дальневосточный и Сибирский, Северо-Западный",40,23,2405.0235007923807,48743.23798933333,1077.1437823129252,749.8959690666666,3367.032901109333,4.49,11456.08,1319.5011333333332
868575374,MANYO BIFIDA COMPLEX AMPOULE GEL CLEANSER [400ml],Гель пенка для умывания Bifida Complex Ampoule Gel Cleanser,Пенки,manyo,59.0,29.0,"Южный и Северо-Кавказский, Дальневосточный и Сибирский, Северо-Западный",39,22,0.0,62046.27893710317,604.8979591836735,1051.631846391579,0.0,0.0,0.0,760.0
170198180,Enough Rich Gold Double Wea Radiance Foundation 13 тон,Тональный крем для лица увлажняющий эффект сияния,Тональные кремы,ENOUGH,55.0,27.0,"Дальневосточный и Сибирский, Северо-Западный, Уральский",45,0,0.0,14704.648894736845,456.96223728813567,267.357252631579,0.0,0.0,0.0,599.1282666666667
207483179,JIGOTT - Snail Reparing Cream [100ml],Восстанавливающий крем для лица антивозрастной,Кремы,Jigott,55.0,26.0,Дальневосточный и Сибирский,46,0,0.0,12369.54891764706,525.4349000000001,224.90088941176472,0.0,0.0,0.0,1050.8698000000002
437845041,ROUND LAB VITA NIACINAMIDE DARK SPOT CREAM 50ml,Крем для лица с ниацинамидом от чёрных точек Корея,Кремы,round lab,50.0,24.0,"Дальневосточный и Сибирский, Центральный",31,0,7289.424902189778,21694.71697080291,703.4191055555556,433.8943394160582,11975.483767883206,27.6,65845.16,1089.1650666666667
170198876,Enough Collagen Foundation Cover Up Ultra X10 21 тон,Тональный крем для лица увлажняющий матовый коллаген,Тональные кремы,ENOUGH,50.0,24.0,"Южный и Северо-Кавказский, Дальневосточный и Сибирский",41,0,0.0,11784.919014084508,295.7681489583333,235.69838028169016,0.0,0.0,0.0,461.6868666666667
437242640,ROUND LAB MUGWORT CALMING CLEANSER_150ml,Очищающая пенка для умывания лица от прыщей и акне Корея,Пенки,round lab,48.0,23.0,Дальневосточный и Сибирский,40,0,0.0,17836.82504347826,435.94110691823903,371.60052173913044,0.0,0.0,0.0,577.6219666666667
151175877,Petitfee Agave Cooling Hydrogel Eye Mask,Гидрогелевые патчи от отеков и мешков под глазами,Патчи,Petitfee,46.0,22.0,"Беларусь, Дальневосточный и Сибирский",39,0,0.0,15080.383768595042,869.7139043478262,327.8344297520661,0.0,0.0,0.0,1025.8164000000002
190159348,Elizavecca 24k gold snail Cleansing Foam 180ml,Очищающая пенка для лица с настоящим золотом,Скрабы,Elizavecca,46.0,23.0,"Дальневосточный и Сибирский, Северо-Западный, Уральский",39,0,0.0,14805.25098823529,565.070968292683,321.8532823529411,0.0,0.0,0.0,594.0489666666667
207477077,FARMSTAY - Collagen Water Full Moist Cream [100g],Увлажняющий крем для лица с коллагеном,Кремы,farmstay,44.0,22.0,"Дальневосточный и Сибирский, Уральский",36,2,1822.0169588636359,20771.900722222217,653.852942857143,472.08865277777767,7194.631068333331,15.24,23430.47,1525.656866666667
212889025,Enoughcollagenwhiteningcovertip01,"Консилер для лица плотный 01, корректор светлый",Корректоры,ENOUGH,42.0,20.0,"Дальневосточный и Сибирский, Северо-Западный",35,0,0.0,18466.845743589747,301.6476458333334,439.6868034188035,0.0,0.0,0.0,413.68820000000005
170198738,Enough 8 Peptide Full Cover Perfect Foundation 13 тон,Корейский тональный крем с пептидами 13 тон,Тональные кремы,ENOUGH,41.0,20.0,"Дальневосточный и Сибирский, Северо-Западный",33,0,0.0,15403.954141843977,402.17642978723404,375.7061985815604,0.0,0.0,0.0,572.7967333333333
198156472,Manyo_Galac_Vita_Serum,Отбеливающая сыворотка для лица с витамином С,Сыворотки,manyo,41.0,20.0,Дальневосточный и Сибирский,35,0,0.0,30592.206074941445,2131.359317610063,746.1513676814986,0.0,0.0,0.0,3227.486966666667
151132051, ENOUGH COLLAGEN 3IN1 13,Отбеливающий тональный крем для лица 3в1 тон 13,Тональные кремы,ENOUGH,40.0,20.0,"Южный и Северо-Кавказский, Приволжский",22,0,0.0,12825.751260504197,221.60897192982455,320.64378151260496,0.0,0.0,0.0,382.77913333333333
208202076,EKEL Ampule Сream Сollagen [70ml],Увлажняющий крем для лица с коллагеном ампульный,Кремы,EKEL,39.0,19.0,"Дальневосточный и Сибирский, Северо-Западный",33,0,0.0,8843.692237226278,257.13229756097564,226.76133941605843,0.0,0.0,0.0,319.46740000000005
207483780,JIGOTT - Birds Nest Firming Cream [70ml],Корейский крем для лица антивозрастной от морщин,Кремы,Jigott,35.0,17.0,"Дальневосточный и Сибирский, Северо-Западный",30,2,0.0,8574.101828703704,365.36453191489363,244.97433796296298,0.0,0.0,0.0,572.4044333333334
206126372,I'm Sorry for My Skin Крем Age Capture Vitalizer,Крем для лица с витамином C осветляющий,Кремы,I'm Sorry for My Skin,34.0,17.0,"Дальневосточный и Сибирский, Северо-Западный",29,0,0.0,12736.348065934068,450.76611505376354,374.59847252747255,0.0,0.0,0.0,481.85343333333344
238416010,Enough Collagen Whitening Moisture Cream 3in1 50 N,Корейский крем для лица отбеливающий 3в1 коллаген,Кремы,ENOUGH,34.0,16.0,Дальневосточный и Сибирский,29,0,0.0,6097.609035555556,301.33604081632654,179.34144222222224,0.0,0.0,0.0,509.154
226114935,PETITFEE - Gold Hydrogel Mask Pack [5pcs],Маски для лица с золотом,Маски гидрогелевые,Petitfee,33.0,16.0,Центральный,16,0,3429.313005733417,13044.84296296296,343.4383157894737,395.29827160493824,7226.052404938271,18.28,26713.92,815.666
165002270,ENOUGH collagen moisture BB Cream SPF47 PA+++ BB,BB крем тональный солнцезащитный с коллагеном,Кремы,ENOUGH,31.0,15.0,"Дальневосточный и Сибирский, Центральный",26,0,0.0,0.0,120.39653008130082,,,5.0,2754.08,189.8560666666667
419630142,FARMSTAY ESCARGOT NOBLESSE INTENSIVE AMPOULE,Сыворотка для лица увлажняющая c муцыном улитки,Сыворотки,Farm Stay,31.0,15.0,Дальневосточный и Сибирский,26,0,0.0,7874.681829670329,707.6013706666668,254.02199450549446,0.0,0.0,0.0,1360.7718666666667
212757456,JIGOTT - Daily Real Cica Toner [300ml],Корейский тонер для лица увлажняющий с центеллой,Тоники,Jigott,29.0,15.0,"Дальневосточный и Сибирский, Северо-Западный",31,11,0.0,7832.527938880608,405.37207967479685,270.08717030622785,0.0,0.0,0.0,536.1372666666667
212889027,Enoughcollagenwhiteningcovertip,Консилер для лица плотный 02 корректор,Корректоры,ENOUGH,26.0,13.0,"Дальневосточный и Сибирский, Северо-Западный",25,8,0.0,10769.936952830187,312.32099999999997,414.2283443396226,0.0,0.0,0.0,374.7852
238413828,ENOUGH collagen moisture BB Cream SPF47 PA+++ N,BB-крем тональный увлажняющий для лица с коллагеном,Кремы,ENOUGH,26.0,13.0,"Северо-Западный, Дальневосточный и Сибирский",25,6,0.0,0.0,228.84351351351359,,,0.0,0.0,338.68840000000006
151175880,Petitfee Black Pearl & Gold hydrogel Eye Patch,Патчи для глаз Корея антивозрастные жемчуг и золото,Патчи,Petitfee,25.0,12.0,Дальневосточный и Сибирский,21,0,0.0,7399.44487534626,744.0207425000001,295.9777950138504,0.0,0.0,0.0,1417.182366666667
198147185,Manyo_Complex_Ampoule,Восстанавливающая сыворотка для лица с бифидобактериями,Сыворотки,manyo,25.0,12.0,Дальневосточный и Сибирский,20,0,0.0,35428.7024590164,2220.617607843137,1417.148098360656,0.0,0.0,0.0,3775.049933333333
205054338,manyo_bifida_biome_toner,Укрепляющий тоник для лица с бифидобактериями,Тоники,manyo,24.0,12.0,Центральный,14,0,0.0,15374.453962070318,1074.808,640.6022484195965,0.0,0.0,0.0,2840.564
206057411,ELIZAVECCA_fruit_toner,Корейский тоник для лица от черных точек,Тоники,Elizavecca,24.0,12.0,Дальневосточный и Сибирский,20,0,0.0,8380.753136094674,298.3699696969697,349.19804733727807,0.0,0.0,0.0,656.4139333333334
212760119,JIGOTT - Ultimate Real Collagen Toner [300ml],Корейский тонер для лица антивозрастной,Тоники,Jigott,23.0,11.0,Дальневосточный и Сибирский,19,0,0.0,7055.301962962963,307.0642529411765,306.7522592592593,0.0,0.0,0.0,549.4834000000001
170198337,Enough 8 Peptide Full Cover Perfect Foundation 21 тон,Корейский тональный крем с пептидами 21 тон,Тональные кремы,ENOUGH,21.0,10.0,Дальневосточный и Сибирский,18,0,0.0,7654.167387096773,321.1540444444445,364.48416129032256,0.0,0.0,0.0,481.7310666666667
207796439,ELIZAVECCA - Natural 90% Olive Cleansing Oil,Корейское гидрофильное масло для умывания,Гидрофильные масла,Elizavecca,21.0,10.0,Дальневосточный и Сибирский,18,0,0.0,6191.088953488373,786.22291875,294.8137596899225,0.0,0.0,0.0,1397.7296333333334
150925321,Collagen_Enough_Moisture_Foundation_13,Тональный крем для лица коллаген №13,Тональные кремы,ENOUGH,20.0,10.0,Дальневосточный и Сибирский,17,0,0.0,6187.936250000002,171.82131261261264,309.39681250000007,0.0,0.0,0.0,373.96403333333336
179611278,Petitfee Artichoke Soothing Hydrogel Eye Mask,Патчи под глаза гидрогелевые с артишоком,Патчи,Petitfee,20.0,10.0,Центральный,17,0,0.0,6477.770303030303,178.24084444444446,323.88851515151515,0.0,0.0,0.0,283.08840000000004
170198109,Enough Rich Gold Double Wea Radiance Foundation 21 тон,Тональный крем для лица увлажняющий эффект сияния,Тональные кремы,ENOUGH,19.0,9.0,Дальневосточный и Сибирский,16,0,0.0,5810.041875000001,172.75731063829787,305.791677631579,0.0,0.0,0.0,507.4746
226115141,PETITFEE - Gold & Snail Hydrogel Mask Pack [5pcs],Корейские гидрогелевые маски для лица против морщин,Маски гидрогелевые,Petitfee,19.0,9.0,Северо-Западный,13,0,0.0,8056.756571428572,319.04879259259263,424.03981954887223,0.0,0.0,0.0,662.6398000000002
204258828,COSRX_Salicylic_Acid_Cleanser,Пенка для умывания от прыщей,Скрабы,COSRX,18.0,9.0,Дальневосточный и Сибирский,15,0,0.0,6921.65745,244.3874047619048,384.536525,0.0,0.0,0.0,342.1423666666667
437190353,ROUND LAB BIRCH JUICE MOISTURIZING CREAM_80ml,Увлажняющий крем для лица с берёзовым соком Корея,Кремы,round lab,17.0,8.0,Дальневосточный и Сибирский,14,0,0.0,6711.142457142858,194.6488,394.77308571428574,0.0,0.0,0.0,291.9732
154159632,Baking Powder BB Deep Cleansing Foam 3в1 30,Очищающая пенка для снятия макияжа Baking Powder 30ml,Скрабы,Etude house,14.0,7.0,Дальневосточный и Сибирский,12,0,0.0,3137.9422988505744,123.14684444444444,224.13873563218388,0.0,0.0,0.0,184.72026666666667
207476777,FARMSTAY - Collagen Pure Cleansing Foam [180ml],Корейская пенка для умывания лица увлажняющая,Скрабы,Farm Stay,14.0,7.0,Дальневосточный и Сибирский,12,0,0.0,3189.0498181818184,144.71957777777774,227.78927272727273,0.0,0.0,0.0,217.07936666666663
212759698,JIGOTT - Moisture Real Aloe Vera Toner [300ml],Корейский успокаивающий тонер с алоэ,Тоники,Jigott,13.0,7.0,Дальневосточный и Сибирский,11,0,2702.293262842105,5226.422644444443,111.94326000000001,402.03251111111103,9335.194907999998,23.22,22842.79,305.29980000000006
154160085,Etude Baking Powder Crunch Pore Scrub треугольники 30,Корейский скраб для лица Baking Powder с содой,Скрабы,Etude house,13.0,7.0,Дальневосточный и Сибирский,10,0,0.0,5358.276327073097,384.9374761904762,412.1751020825459,0.0,0.0,0.0,538.9124666666667
226117746,PETITFEE - Chamomile Lightening Hydrogel Mask Pack [5pcs],Корейские гидрогелевые маски для лица с ромашкой,Маски гидрогелевые,Petitfee,13.0,7.0,Беларусь,11,0,0.0,4436.2063422459905,239.47227333333336,341.24664171123004,0.0,0.0,0.0,870.8082666666667
437254254,ROUND LAB SOYBEAN PANTHENOL CREAM_80ml,Крем для лица с чёрной соей и пантенолом успокаивающий Корея,Кремы,round lab,12.0,6.0,Дальневосточный и Сибирский,10,0,0.0,3925.959999999999,117.59957333333335,327.16333333333324,0.0,0.0,0.0,293.99893333333335
151132052, ENOUGH COLLAGEN 3IN1 21,Отбеливающий тональный крем для лица 3в1 тон 21,Тональные кремы,ENOUGH,9.0,5.0,Южный и Северо-Кавказский,11,8,0.0,2252.8370000000004,94.54369833333337,250.31522222222227,0.0,0.0,0.0,171.89763333333337
