SKU	Наименование	Выручка, ₽	Заказано, шт	Доставлено, шт	Возвраты	Отмены	Показы	В корзину	Сессии с товаром	Конв. в корзину	Позиция в категории
5279491232	celimax Тонер кремовый увлажняющий с молочной текстурой с двойным барьером Dual Barrier Creamy Toner, 150 мл	2139581	544	112	0	33	134956	2609	75599	3.45	11.740764105799265
5280224845	Round Lab Очищающая пенка для лица с морской водой, увлажняющая 1025, 150 мл	734339	260	43	0	12	59671	1127	34817	3.23	22.737108956433108
5368936247	celimax Лифтинг-сыворотка для лица с ретинолом и микроиглами The Vita-A Retinol Shot Tightening Serum, 30 мл	632257	164	16	0	7	50023	722	34729	2.07	25.549166758635913
5358255116	celimax Крем-бустер для лица с ретинолом и микроиглами The Vita-A Retinol Shot Tightening Booster, 15 мл	627867	177	35	0	14	74389	865	52161	1.65	32.140441818553406
5368881540	Отбеливающая сыворотка с ниацинамидом для лица, с витамином С Manyo	295500	53	41	0	7	33597	259	19416	1.33	30.076316751057053
5368879266	Сыворотка с микроиглами 1Dx для интенсивного ухода Manyo	176192	40	30	0	6	22577	154	12351	1.24	16.84565583322543
5368879752	Восстанавливающая сыворотка для лица с бифидобактериями Manyo	174215	25	23	0	1	24866	184	12614	1.45	28.91624203821656
5371608774	Набор корейских тканевых масок для лица 10 шт JMSolution	131814	47	30	0	4	21835	242	9085	2.66	35.44692513368984
5358217976	Крем для восстановления барьера лица	130490	57	28	1	11	14293	195	7952	2.45	41.035781191457474
5370615166	Лосьон для лица Bifida Biome Ampoule Lotion Manyo, 300 мл	126971	24	21	0	3	22256	145	12091	1.19	26.162913993978268
5370455274	Round Lab Тонер с морской водой увлажняющий 1025, 200 мл	122738	31	13	0	3	15733	165	10493	1.57	27.48143759873618
5369788372	Гель пенка для умывания Bifida Complex Ampoule Gel Cleanser Manyo, 400 мл	119980	20	16	1	0	13664	92	8093	1.13	28.350066455372662
5368880755	PDRN сыворотка для лица VT Essence 100 VT Cosmetics	39215	8	6	0	0	3214	24	2411	0.99	133.3579952267303
5357327114	Тональный крем для лица матирующий Collagen коллаген, тон 21	28612	17	11	0	2	7717	48	5618	0.85	69.8645388754871
5368881390	Сыворотка с микроиглами для лица VT Reedle Shot 100 VT Cosmetics, 50 мл	22950	6	6	0	0	3111	20	2420	0.82	162.42265193370164
5358217827	Отбеливающий крем для выравнивания тона и микрорельефа	22000	11	7	0	3	2778	42	1632	2.57	111.32060390763766
5280467313	FarmStay Сыворотка интенсивно увлажняющая ампульная для лица с коллагеном 3в1 Collagen & Hyaluronic Acid All-in-One Ampoule 250 мл	20880	8	5	0	3	2034	21	1124	1.86	36.26190476190476
5358217204	FarmStay Крем для лица антивозрастной увлажняющий с золотом и муцином улитки Gold Snail Premium Cream, 50 мл	18002	7	6	0	2	1761	21	1109	1.89	61.17689530685921
5499690151	Успокаивающие тонер пэды для лица с кислотами Celimax	17991	4	2	0	1	7827	43	6270	0.68	62.22299017824663
5357327174	Тональный крем для лица матирующий Collagen коллаген, тон 13	15456	11	9	0	1	11333	51	8340	0.61	71.97310804378867
5370098661	ETUDE HOUSE Скраб для лица женский с содой Baking Powder Crunch Pore Scrub, 200 мл	14818	10	8	0	0	7477	38	5767	0.65	72.47161966738973
5357391911	Корейский тональный крем с пептидами 21 тон	14192	7	2	0	0	1781	19	1276	1.48	120.27133757961784
5370852944	Корейская база под макияж с шиммером Heimish, 40 мл	11792	3	2	0	0	2967	17	2141	0.79	64.64502164502164
5358217994	FarmStay Крем для лица антивозрастной с муцином улитки Escargot Noblesse Intensive Cream, 50 г	10457	5	5	0	1	1288	24	856	2.8	82.26377952755905
5358217108	Увлажняющий крем для лица с берёзовым соком Корея	8000	4	1	0	1	3649	22	2461	0.89	78.97378277153558
5370096291	Корейский скраб для лица Baking Powder с содой Etude House, 24*7	7161	3	3	0	0	3164	18	2387	0.75	61.07920792079208
5371040217	Тканевые патчи для глаз и век увлажняющие Petitfee	6269	2	1	0	1	2012	7	1340	0.52	173.8006993006993
5371036408	Тонизирующие патчи для глаз гидрогелевые с какао Petitfee	6158	2	1	0	0	1113	6	891	0.67	140.39518072289155
5429028317	Сыворотка роллер для глаз увлажняющая FARMSTAY, 25 мл	5840	3	2	0	1	522	6	414	1.44	85.34104046242774
5357393619	Корейский тональный крем с пептидами 13 тон	5235	2	0	0	2	1755	8	1111	0.72	129.42965367965368
5371610046	Увлажняющие тканевые маски для лица Корея 15 штук Jigott	5000	2	2	0	0	2155	4	1613	0.24	173.47740667976424
5429985132	Корейский шампунь против выпадения волос с черным чесноком FARMSTAY, 530 мл	4919	2	2	0	1	1736	18	1124	1.6	82.6495983935743
5370453099	Корейский успокаивающий тонер с алоэ Jigott, 300 мл	4045	2	1	0	0	1423	5	1172	0.42	105.16108786610879
5368871076	Антивозрастная сыворотка для лица с аргирелином 10% The Ordinary, 30 мл	4000	1	0	0	0	1386	5	1133	0.44	63.0991452991453
5357306380	Отбеливающий тональный крем для лица 3в1 тон 21	3775	2	1	0	0	975	5	785	0.63	228.21410579345087
5358217452	Восстанавливающий крем для лица антивозрастной	3436	2	0	0	1	1056	6	872	0.68	140.62217194570135
5371040168	Тканевые патчи под глаза от темных кругов Petitfee	3431	1	1	0	0	1237	2	954	0.2	222.50198412698413
5369785885	Пенка для умывания от прыщей COSRX, 150 мл	3410	1	1	0	0	398	2	310	0.64	88.44444444444444
5513782156	Шампунь для волос женский c черным чесноком DEOPROCE, 200 мл	3208	2	1	0	0	2011	3	1611	0.18	78.96717467760844
5371607829	Маски для лица тканевые JMSolution	2707	1	0	0	0	901	1	770	0.12	132.8561320754717
5430024039	FarmStay Шампунь кондиционер для волос восстанавливающий с аргановым маслом FARMSTAY, 530 мл	2450	1	2	0	0	538	2	424	0.47	176.24043715846994
5357305756	Отбеливающий тональный крем для лица 3в1 тон 13	1991	1	0	0	0	693	6	538	1.11	145.95880149812734
5357327448	Тональный крем для лица матовый увлажняющий с муцином улитки 13 тон	1886	1	1	0	0	1255	8	910	0.87	194.44897959183675
5369902609	Корейская пенка для умывания лица увлажняющая FARMSTAY, 180 мл	1704	1	1	0	0	587	3	456	0.65	112.29888268156425
5358218011	Увлажняющий крем для кожи вокруг глаз	1284	1	0	0	1	1578	10	1286	0.77	150.46621621621622
5499698431	Успокаивающие тонер пэды для лица с кислотами Celimax	1090	1	0	0	0	4181	11	3320	0.33	77.41755214482487
2973892405	Новогодняя игрушка Дед Мороз под елку 35 см / Санта Клаус	0	0	0	0	0	7357	0	6181	0	58.135384615384616
2973894344	Новогодняя игрушка Дед Мороз под елку 35 см / Санта Клаус	0	0	1	0	0	9154	2	7516	0.02	92.14261884904087
2973894433	Новогодняя игрушка Дед Мороз под елку 35 см / Санта Клаус	0	0	0	0	0	19877	5	14455	0.03	65.82518030730637
2973894453	Новогодняя игрушка Дед Мороз под елку 35 см / Санта Клаус	0	0	0	0	0	7647	2	6140	0.03	90.48776732249786
2973894479	Новогодняя игрушка Дед Мороз под елку 35 см / Санта Клаус	0	0	0	0	0	8334	1	6960	0.01	117.20828555045871
2973894482	Новогодняя игрушка Дед Мороз под елку 35 см / Санта Клаус	0	0	0	0	0	6370	0	5437	0	65.55779183438757
2973894484	Новогодняя игрушка Дед Мороз под елку 35 см / Санта Клаус	0	0	0	0	0	8994	2	7404	0.02	97.14874229979466
2973896165	Новогодняя игрушка Дед Мороз под елку 35 см / Санта Клаус	0	0	0	0	0	7513	3	6397	0.04	68.86988373944895
2973896438	Новогодняя игрушка Дед Мороз под елку 35 см / Санта Клаус	0	0	1	0	0	10552	2	8198	0.02	110.57557152188113
5357325850	Тональный крем для лица матовый увлажняющий с муцином	0	0	0	0	0	531	5	374	1.33	201.77956989247312
5358217172	Увлажняющий крем для лица Корея Collagen	0	0	0	0	0	3203	2	2334	0.08	141.02795698924731
5358217202	Корейский крем для лица антивозрастной от морщин	0	0	0	0	0	2958	1	2189	0.04	83.88519134775375
5358217277	Крем для лица с ретинолом антивозрастной	0	0	0	0	0	747	1	624	0.16	57.66105263157895
5358217415	Увлажняющий крем для лица с коллагеном ампульный	0	0	0	0	0	1722	5	1292	0.38	63.6019801980198
5358217491	Увлажняющий крем для лица с коллагеном	0	0	0	0	0	438	0	355	0	66.01320132013201
5358217839	Корейский крем для лица отбеливающий 3в1 коллаген	0	0	0	0	0	788	3	662	0.45	210.05555555555554
5358217946	Крем для лица антивозрастной Snail Lifting Cream	0	0	0	0	0	1499	4	1257	0.31	151.84099616858236
5368870164	Сыворотка Корея увлажняющая против морщин SKIN1004, 30 мл	0	0	0	0	0	990	1	840	0.11	203.10471204188482
5368871814	Сыворотка для жирной кожи лица увлажняющая с центеллой ROUND LAB, 30 мл	0	0	0	0	0	1528	3	1263	0.23	97.28813559322033
5368873136	Увлажняющая сыворотка для лица Корея Elizavecca, 50 мл	0	0	0	0	0	1279	1	984	0.1	58.0472027972028
5368879429	Сыворотка для лица увлажняющая c муцыном улитки FARMSTAY, 250 мл	0	0	0	0	0	865	9	491	1.83	50.21091811414392
5368935177	Сыворотка для лица отбеливающая Celimax, 30 мл	0	0	0	0	0	867	2	717	0.27	230.0708661417323
5368939107	Сыворотка для лица с экстрактом нони Celimax, 30 мл	0	0	0	0	0	1001	2	823	0.24	172.16352201257862
5369785339	Очищающая пенка для снятия макияжа Baking Powder Etude House, 160 мл	0	0	0	0	0	2046	2	1673	0.11	91.34163208852006
5370455053	Корейский тонер для лица антивозрастной Jigott, 300 мл	0	0	0	0	0	911	3	778	0.38	149.53556485355648
5370455453	Корейский тонер для лица увлажняющий с центеллой Jigott, 300 мл	0	0	0	0	0	993	2	823	0.24	120.08076923076923
5370455659	Увлажняюший тонер для лица с гиалуроновой кислотой Jigott, 300 мл	0	0	0	0	0	1367	4	1105	0.36	86.63451776649747
5371037366	Гидрогелевые патчи от отеков и мешков под глазами Petitfee	0	0	0	0	0	736	1	616	0.16	157.3573667711599
5371038593	Гидрогелевые патчи для глаз с золотом Petitfee	0	0	0	0	0	723	1	636	0.15	205.2140468227425
5371038616	Патчи для глаз Корея антивозрастные жемчуг и золото Petitfee	0	0	0	0	0	822	0	712	0	159.56012658227849
5371039884	Гидрогелевые патчи для глаз от отеков и морщин Petitfee	0	0	0	0	0	43	0	34	0	89.13636363636364
5371039909	Патчи под глаза гидрогелевые с артишоком Petitfee	0	0	0	0	0	864	0	735	0	99.911051212938
5371040627	Гидрогелевые патчи для глаз Корея от отеков Petitfee	0	0	0	0	0	1146	3	980	0.3	171.1602564102564
5371040749	Антивозрастные гидрогелевые патчи с золотом и EGF Petitfee	0	0	0	0	0	467	4	410	0.97	205.21014492753622
5371041239	Охлаждающие гидрогелевые патчи для области вокруг глаз Petitfee	0	0	0	0	0	588	0	467	0	109.12169312169313
5371132804	Гидрогелевые патчи для глаз Корея антивозрастные от отеков Petitfee	0	0	0	0	0	1270	3	1076	0.27	157.0018484288355
5371600719	Корейские гидрогелевые маски для лица охлаждающие с агавой Petitfee	0	0	0	0	0	709	1	626	0.15	84.92073170731707
5371601871	Корейские гидрогелевые маски для лица против морщин Petitfee	0	0	0	0	0	856	4	664	0.6	258.34082397003743
5371602089	Маски для лица с золотом Petitfee	0	0	0	0	0	434	0	387	0	238.60169491525423
5371663067	Корейские гидрогелевые маски для лица с золотом и жемчугом Petitfee	0	0	0	0	0	437	1	391	0.25	184.5
5371663198	Корейские гидрогелевые маски для лица тонизирующие Petitfee	0	0	0	0	0	681	1	595	0.16	166.98265895953756
5371663601	Корейские гидрогелевые маски для лица с артишоком Petitfee	0	0	0	0	0	645	1	555	0.18	156.91625615763547
5371663643	Корейские гидрогелевые маски для лица с ромашкой Petitfee	0	0	0	0	0	302	0	270	0	119.30147058823529
5430012407	FarmStay Шампунь кондиционер для волос увлажняющий с коллагеном FARMSTAY, 530 мл	0	0	0	0	0	358	3	288	1.04	187.65502183406113
5499689689	Отбеливающие тонер пэды для лица Celimax	0	0	0	0	0	3021	22	2346	0.93	110.36722797927462
5513079596	Шампунь для волос женский c черным чесноком DEOPROCE, 600 мл	0	0	0	0	0	1491	0	1251	0	81.21960297766749
5513328528	Шампунь для волос женский c черным DEOPROCE, 600 мл	0	0	0	0	0	1252	0	1038	0	101.71706586826348
5677079501	Сыворотка для ухода за кожей	0	0	0	0	0	9	0	9	0	0
5677140999	Тоник для ухода за кожей	0	0	0	0	0	1	0	1	0	0
5677161049	тоник для ухода за кожей	0	0	0	0	0	41	0	28	0	0
5677165168	Средство для умывания	0	0	0	0	0	26	0	20	0	0
5677167748	Крем для ухода за кожей	0	0	0	0	0	9	0	7	0	0
5677223292	Сыворотка для ухода за кожей	0	0	0	0	0	8	0	5	0	0
5677226862	Тоник для ухода за кожей	0	0	0	0	0	1	0	1	0	0