Артикул_ВБ	Баркод_ВБ	Баркод_корейский	Бренд	Наименование
1119249556	8803463004286	8803463004286	VT COSMETICS	PDRN сыворотка для лица VT Essence 100, 30 мл
1123494802	8809695678363	8809695678363	VT COSMETICS	Бустер-сыворотка с микроиглами VT Reedle Shot 100
1123574113	8809657114731	8809657114731	round lab	Тонер с морской водой Dokdo Toner 1025, 200 мл
1152680017	2052360339632		Celimax	Крем-бустер для лица с ретинолом и микроиглами от морщин
1175175447	2052426737433		Petitfee	Гидрогелевые маски для лица набор увлажняющие корейские 6 шт
1177994944	2052468298473		Petitfee	Гидрогелевые маски для лица набор увлажняющие корейские 5 шт
1177994945	2052468472088		Petitfee	Гидрогелевые маски для лица набор увлажняющие корейские 7 шт
150925321	2037584524927		ENOUGH	Увлажняющий тональный крем для лица матовый Collagen тон 13
150925322	2037584524859		ENOUGH	Увлажняющий тональный крем для лица матовый Collagen тон 21
151132051	2037584726598		ENOUGH	Отбеливающий тональный крем для лица 3в1 тон 13
151132052	2037584562721		ENOUGH	Отбеливающий тональный крем для лица 3в1 тон 21
151175877	2037593729689		Petitfee	Гидрогелевые патчи от отеков и мешков под глазами
151175880	2037593734652		Petitfee	Патчи для глаз Корея антивозрастные жемчуг и золото
151313163	2037596130970		Etude house	Скраб для лица Baking Powder с содой Корейский
154159632	2037649129975		Etude house	Очищающая пенка для снятия макияжа Baking Powder 30ml
154160085	2037649132104		Etude house	Корейский скраб для лица Baking Powder с содой
165002270	2038016038272		ENOUGH	BB крем тональный солнцезащитный с коллагеном
168956391	2038157722511		farmstay	Сыворотка для лица увлажняющая 3в1 с коллагеном
169076150	2038161007680		farmstay	Антивозрастной крем для лица от морщин
169198316	2038164924540		Etude house	Пенка для умывания от черных точек Baking Powder 160ml
170198109	2038199512200		ENOUGH	Тональный крем для лица увлажняющий эффект сияния
170198180	2038199517090		ENOUGH	Тональный крем для лица увлажняющий эффект сияния
170198337	2038199518745		ENOUGH	Корейский тональный крем с пептидами 21 тон
170198738	2038199529925		ENOUGH	Корейский тональный крем с пептидами 13 тон
170198876	2038199549794		ENOUGH	Тональный крем для лица увлажняющий матовый коллаген
174668134	2038500947196		Перкуссионный массажер пистолет	Перкуссионный массажер для тела от целлюлита
176944957	2038614555348		SKL TECH	Робот мойщик окон с распылением мощный
179611207	2038707866009		Petitfee	Гидрогелевые патчи для глаз Корея антивозрастные от отеков
179611231	2038707872192		Petitfee	Гидрогелевые патчи для глаз Корея от отеков
179611278	2038707874394		Petitfee	Патчи под глаза гидрогелевые с артишоком
179611304	2038707877081		Petitfee	Тонизирующие патчи для глаз гидрогелевые с какао
179611318	2038707878378		Petitfee	Гидрогелевые патчи для глаз от отеков и морщин
180711041	2038746146544		Petitfee	Антивозрастные гидрогелевые патчи с золотом и EGF
180711104	2038746160717		Petitfee	Гидрогелевые патчи для глаз с золотом
180852804	2038751033068		FETLAR	Скалер для чистки и отбеливания зубов
180987509	2038754559763		Petitfee	Тканевые патчи под глаза от темных кругов
180988755	2038754577699		Petitfee	Тканевые патчи для глаз и век увлажняющие
180992464	2038754611973		Petitfee	Охлаждающие гидрогелевые патчи для области вокруг глаз
183030830	2038810750882		MASIL	Masil набор для волос
190159348	2038999907312		Elizavecca	Очищающая пенка для лица с настоящим золотом
190160008	2038999919209		Elizavecca	Крем для лица с ретинолом антивозрастной
198143251	2039239254524	8809730950881	manyo	Лосьон для лица Bifida Biome Ampoule Lotion
198147185	2039239295145		manyo	Восстанавливающая сыворотка для лица с бифидобактериями
198156472	2039239495040		manyo	Отбеливающая сыворотка для лица с витамином С
198156698	2039239503325		manyo	Гидрофильное масло Ma:nyo Pure Cleansing Oil для умывания
199427475	2039290751123		dr.Jart+	Тоник для лица увлажняющий Teatreatment Toner
204258828	2039399341218		COSRX	Пенка для умывания от прыщей
206057411	2039426417053		Elizavecca	Корейский тоник для лица от черных точек
206058262	2039426435484		Elizavecca	Увлажняющая сыворотка для лица Корея
206126372	2039428564953		I'm Sorry for My Skin	Крем для лица с витамином C осветляющий
207465786	2039454846061		Heimish	Гидрофильное масло бальзам для лица очищающее
207466866	2039454852918		Heimish	Корейская база под макияж с шиммером
207469760	2039455106799		farmstay	Корейский крем для лица антивозрастной премиум
207472742	2039455123888		farmstay	Корейский шампунь против выпадения волос с черным чесноком
207475898	2039455150044		farmstay	Корейский шампунь для волос с коллагеном
207476309	2039455153090		farmstay	Корейский шампунь для волос с аргановым маслом
207476777	2039455156657		farmstay	Корейская пенка для умывания лица увлажняющая
207477077	2039455159528		farmstay	Увлажняющий крем для лица с коллагеном
207481251	2039455204792		COSRX	Корейская эссенция для лица увлажняющая
207482718	2039455218324		Jigott	Крем для лица антивозрастной Snail Lifting Cream
207483179	2039455222093		Jigott	Восстанавливающий крем для лица антивозрастной
207483780	2039455226374		Jigott	Корейский крем для лица антивозрастной от морщин
207796350	2039459233972		Elizavecca	Маска для волос увлажняющая с коллагеном
207796563	2039459241724		Elizavecca	Крем для лица Aqua Hyaluronic Acid Water Drop
207796789	2039459246705		ENOUGH	Тональный крем для лица матовый увлажняющий с муцином
207796898	2039459247900		ENOUGH	Тональный крем для лица матовый увлажняющий с муцином
207818000	2039459452366		Isntree	Сыворотка для глубокого очищения лица
207818642	2039459463478		Lebelage	Увлажняющий крем для кожи вокруг глаз
208202076	2039465476073		EKEL	Увлажняющий крем для лица с коллагеном ампульный
208208674	2039465567863		Baofeng	Рация UV-82 Баофенг
210575566	2039514639756		Lebelage	Увлажняющий крем для кожи вокруг глаз
212719009	2039565072205		dr.Jart+	Корректирующий СС крем для лица тональный
212753217	2039565772600		Jigott	Крем для лица с коллагеном
212757456	2039565877350		Jigott	Корейский тонер для лица увлажняющий с центеллой
212759698	2039565907194		Jigott	Корейский успокаивающий тонер с алоэ
212760119	2039565923590		Jigott	Корейский тонер для лица антивозрастной
212883090	2039568294055		Jigott	Увлажняюший тонер для лица с гиалуроновой кислотой
212885914	2039568376843		farmstay	Сыворотка роллер для глаз увлажняющая
212889025	2039568436448		ENOUGH	Консилер для лица плотный 01, корректор светлый
212889027	2039568446645		ENOUGH	Консилер для лица плотный 02 корректор
212889028	2039568449431		ENOUGH	Консилер для лица плотный 03 корректор
214304883	2039597951608		DEOPROCE	Корейский крем для лица антивозрастной
214305722	2039597968347		DEOPROCE	Шампунь для волос женский и бальзам c черным чесноком набор
214311963	2039598141794		SKIN1004	Сыворотка Корея увлажняющая против морщин
214312149	2039598146997		SKIN1004	Увлажняющая ночная маска для сухой кожи
214312385	2039598154275		The ordinary	Антивозрастная сыворотка для лица с аргирелином 10%
214964091	2039610320817		JMSolution	Набор корейских тканевых масок для лица 10 шт
214977901	2039610565850		JMSolution	Маски для лица тканевые
226114831	2039871725611		Petitfee	Корейские гидрогелевые маски для лица с артишоком
226114935	2039871778662		Petitfee	Маски для лица с золотом
226115141	2039871831688		Petitfee	Корейские гидрогелевые маски для лица против морщин
226115248	2039871833583		Petitfee	Корейские гидрогелевые маски для лица тонизирующие
226115324	2039871885322		Petitfee	Корейские гидрогелевые маски для лица охлаждающие с агавой
226115478	2039871888118		Petitfee	Корейские гидрогелевые маски для лица с золотом и жемчугом
236825103	2040328553763		JMSolution	Трехшаговый набор тканевых масок для лица 10 шт.
238358954	2040439686145		ENOUGH	Солнцезащитный крем СПФ 50 для лица и тела
238413828	2040440963358		ENOUGH	BB-крем тональный увлажняющий для лица с коллагеном
238415286	2040441089354		ENOUGH	Увлажняющий крем для лица Корея Collagen
238416010	2040441100189		ENOUGH	Корейский крем для лица отбеливающий 3в1 коллаген
247275092	2040774097477		The ordinary	Кислотный тоник для лица от прыщей Glycolic Acid 7%
248928046	2040821243000		Some by mi	Корейское мыло для лица от прыщей
248929125	2040821259889		Some by mi	Крем для лица от прыщей для проблемной кожи
255574453	2041007880460		Jigott	Увлажняющие тканевые маски для лица Корея 15 штук
307073881	2042358110930		Etude house	Очищающая пенка для снятия макияжа Baking Powder 160ml
315688951	2042560117727		Триммер для бороды	Триммер для бритья бороды мужской
340752919	2042986515992		Petitfee	Патчи для глаз Корея комплект
419630142	2044029059760		farmstay	Сыворотка для лица увлажняющая c муцыном улитки
437154709	2044321663788		round lab	Увлажняющая пенка для умывания лица Корея
437190353	2044323100908		round lab	Увлажняющий крем для лица с берёзовым соком Корея
437242640	2044324706147		round lab	Очищающая пенка для умывания лица от прыщей и акне Корея
437254254	2044325487656		round lab	Крем для лица с чёрной соей и пантенолом успокаивающий Корея
437776835	2044336344191		round lab	Сыворотка для жирной кожи лица увлажняющая с центеллой
437850261	2044337151743		round lab	Гидрофильное масло для лица для умывания Корея
48905926	2013924272000		Дед Мороз Фигурка	Дед Мороз под елку 35 см
551387355	2046404491455		Celimax	Крем-Бустер для лица с микроиглами и ретинолом
551392965	2046404583563		Celimax	Крем для восстановления барьера лица
551447345	2046405279274		Celimax	Отбеливающий крем для выравнивания тона и микрорельефа
551465879	2046405506950		Celimax	Лифтинг-сыворотка для лица с микроиглами и ретинолом
551472457	2046405603925		Celimax	Сыворотка для лица с экстрактом нони
551482493	2046405708019		Celimax	Сыворотка для лица отбеливающая
551490295	2046405805701		Celimax	Сыворотка для лица осветляющая
551518955	2046406526322		Celimax	Увлажняющий тонер для лица с экстрактом нони
551540924	2046407245499		Celimax	Отбеливающие тонер пэды для лица
551600265	2046410898262		Celimax	Успокаивающие тонер пэды для лица с кислотами
551607905	2046411066387		Celimax	Успокаивающие тонер пэды для лица с кислотами
551616449	2046411214818		Celimax	Увлажняющий набор уходовых средств для лица
608624295	2047210896502		DEOPROCE	Шампунь для волос женский c черным
608837066	2047214934583		DEOPROCE	Шампунь для волос женский c черным чесноком
608841921	2047215059148		DEOPROCE	Шампунь для волос женский c черным чесноком
663654300	2047556953747		Камера видеонаблюдения IP Wi-Fi	Камера видеонаблюдения уличная от сим карты 4G
868516027	2049476923152		Celimax	Кремовый тонер с молочной текстурой Dual Barrier
868575374	2049477438426	8809634610058	manyo	Гель пенка для умывания Bifida Complex Ampoule Gel Cleanser
868700077	2049478612030		manyo	Сыворотка с микроиглами 1Dx для интенсивного ухода
868761530	2049479296772		LANEIGE	Бальзам маска для губ Lip Sleeping Mask Berry
