Артикул_ВБ	Название	Бренд	Локализация_общая_%_6мес	Остаток_по_РФ_всего_шт	Регион_приоритет	Заказов_регион_6мес	Нелокально_регион_6мес	Остаток_в_регионе_сейчас	Целевой_остаток_месяц	Отгрузить_шт	Источник
437154709	Увлажняющая пенка для умывания лица Корея	round lab	44.3	3516	Дальневосточный и Сибирский	3953	3801	1	824	823	Переброска (есть остаток по РФ)
437154709	Увлажняющая пенка для умывания лица Корея	round lab	44.3	3516	Приволжский	2076	1231	649	267	0	Переброска (есть остаток по РФ)
868516027	Кремовый тонер с молочной текстурой Dual Barrier	Celimax	50.2	1330	Южный и Северо-Кавказский	2866	1470	109	318	209	Переброска (есть остаток по РФ)
868516027	Кремовый тонер с молочной текстурой Dual Barrier	Celimax	50.2	1330	Дальневосточный и Сибирский	1319	1289	0	279	279	Переброска (есть остаток по РФ)
168956391	Сыворотка для лица увлажняющая 3в1 с коллагеном	Farm Stay	60.6	945	Дальневосточный и Сибирский	1839	1803	0	391	391	Переброска (есть остаток по РФ)
168956391	Сыворотка для лица увлажняющая 3в1 с коллагеном	Farm Stay	60.6	945	Приволжский	1970	941	203	204	1	Переброска (есть остаток по РФ)
238415286	Увлажняющий крем для лица Корея Collagen	ENOUGH	65.2	2090	Дальневосточный и Сибирский	1666	1647	0	357	357	Переброска (есть остаток по РФ)
238415286	Увлажняющий крем для лица Корея Collagen	ENOUGH	65.2	2090	Северо-Западный	931	761	300	165	0	Переброска (есть остаток по РФ)
207482718	Крем для лица антивозрастной Snail Lifting Cream	Jigott	60.3	572	Дальневосточный и Сибирский	1322	1311	0	284	284	Переброска (есть остаток по РФ)
207482718	Крем для лица антивозрастной Snail Lifting Cream	Jigott	60.3	572	Северо-Западный	563	466	124	101	0	Переброска (есть остаток по РФ)
207472742	Корейский шампунь против выпадения волос с черным чесноком	Farm Stay	69.6	893	Дальневосточный и Сибирский	1077	1063	0	230	230	Переброска (есть остаток по РФ)
207472742	Корейский шампунь против выпадения волос с черным чесноком	Farm Stay	69.6	893	Северо-Западный	654	492	127	107	0	Переброска (есть остаток по РФ)
151313163	Скраб для лица Baking Powder с содой Корейский	Etude house	66.6	593	Дальневосточный и Сибирский	1398	1372	0	297	297	Переброска (есть остаток по РФ)
151313163	Скраб для лица Baking Powder с содой Корейский	Etude house	66.6	593	Северо-Западный	624	507	7	110	103	Переброска (есть остаток по РФ)
238358954	Солнцезащитный крем СПФ 50 для лица и тела	ENOUGH	63.5	361	Дальневосточный и Сибирский	476	473	0	102	102	Переброска (есть остаток по РФ)
238358954	Солнцезащитный крем СПФ 50 для лица и тела	ENOUGH	63.5	361	Северо-Западный	260	186	79	40	0	Переброска (есть остаток по РФ)
437231408	Солнцезащитный крем spf 50 для лица с спф	round lab	43.7	0	Дальневосточный и Сибирский	356	347	0	75	75	Нужна допзакупка (остатка по РФ мало)
437231408	Солнцезащитный крем spf 50 для лица с спф	round lab	43.7	0	Приволжский	276	194	0	42	42	Нужна допзакупка (остатка по РФ мало)
238358009	Солнцезащитный крем СПФ 50 для лица и тела	ENOUGH	56.2	0	Дальневосточный и Сибирский	383	381	0	83	83	Нужна допзакупка (остатка по РФ мало)
238358009	Солнцезащитный крем СПФ 50 для лица и тела	ENOUGH	56.2	0	Приволжский	436	192	0	42	42	Нужна допзакупка (остатка по РФ мало)
207796789	Тональный крем для лица матовый увлажняющий с муцином	ENOUGH	52.5	278	Дальневосточный и Сибирский	312	310	0	67	67	Переброска (есть остаток по РФ)
207796789	Тональный крем для лица матовый увлажняющий с муцином	ENOUGH	52.5	278	Приволжский	379	234	0	51	51	Переброска (есть остаток по РФ)
551465879	Лифтинг-сыворотка для лица с микроиглами и ретинолом	Celimax	64.9	646	Дальневосточный и Сибирский	461	454	0	98	98	Переброска (есть остаток по РФ)
551465879	Лифтинг-сыворотка для лица с микроиглами и ретинолом	Celimax	64.9	646	Северо-Западный	253	136	48	29	0	Переброска (есть остаток по РФ)
207483780	Корейский крем для лица антивозрастной от морщин	Jigott	40.0	78	Дальневосточный и Сибирский	285	280	0	61	61	Нужна допзакупка (остатка по РФ мало)
207483780	Корейский крем для лица антивозрастной от морщин	Jigott	40.0	78	Приволжский	196	144	38	31	0	Переброска (есть остаток по РФ)
207483179	Восстанавливающий крем для лица антивозрастной	Jigott	47.9	29	Дальневосточный и Сибирский	281	279	0	60	60	Нужна допзакупка (остатка по РФ мало)
207483179	Восстанавливающий крем для лица антивозрастной	Jigott	47.9	29	Уральский	144	126	0	27	27	Нужна допзакупка (остатка по РФ мало)
333318356	Солнцезащитный крем для лица спф 50	ENOUGH	35.9	82	Южный и Северо-Кавказский	337	305	0	66	66	Нужна допзакупка (остатка по РФ мало)
333318356	Солнцезащитный крем для лица спф 50	ENOUGH	35.9	82	Дальневосточный и Сибирский	186	185	0	40	40	Переброска (есть остаток по РФ)
238359400	Солнцезащитный крем СПФ 50 для лица и тела	Lebelage	46.9	4	Дальневосточный и Сибирский	216	216	0	47	47	Нужна допзакупка (остатка по РФ мало)
238359400	Солнцезащитный крем СПФ 50 для лица и тела	Lebelage	46.9	4	Приволжский	256	184	0	40	40	Нужна допзакупка (остатка по РФ мало)
207476309	Корейский шампунь для волос с аргановым маслом	Farm Stay	66.4	350	Дальневосточный и Сибирский	335	333	0	72	72	Переброска (есть остаток по РФ)
207476309	Корейский шампунь для волос с аргановым маслом	Farm Stay	66.4	350	Северо-Западный	230	183	0	40	40	Переброска (есть остаток по РФ)
207469760	Корейский крем для лица антивозрастной премиум	farmstay	60.1	612	Дальневосточный и Сибирский	303	302	0	65	65	Переброска (есть остаток по РФ)
207469760	Корейский крем для лица антивозрастной премиум	farmstay	60.1	612	Приволжский	305	134	72	29	0	Переброска (есть остаток по РФ)
169076150	Антивозрастной крем для лица от морщин	farmstay	62.8	621	Дальневосточный и Сибирский	315	314	0	68	68	Переброска (есть остаток по РФ)
169076150	Антивозрастной крем для лица от морщин	farmstay	62.8	621	Приволжский	262	104	187	23	0	Переброска (есть остаток по РФ)
207466866	Корейская база под макияж с шиммером	Heimish	61.7	98	Дальневосточный и Сибирский	244	242	0	52	52	Переброска (есть остаток по РФ)
207466866	Корейская база под макияж с шиммером	Heimish	61.7	98	Южный и Северо-Кавказский	580	160	43	35	0	Переброска (есть остаток по РФ)
