Артикул	Название	Текущий_магазин_шт	Новый_магазин_шт	Факт_продажи_мес
868516027	Celimax Dual Barrier Creamy Toner, тонер 150 мл	5850	150	4299
168956391	FARMSTAY - Collagen & Hyaluronic Acid All-In One Ampoule [250ml] / Сыворотка с коллагеном и гиалуроновой кислотой	1789	946	1576
437154709	ROUND LAB 1025 DOKDO CLEANSER_150ml - Увлажняющая пенка для умывания лица	150	808	1347
238415286	ENOUGH - Collagen Moisture Essential Cream [50ml] / Увлажняющий крем для лица с коллагеном	304	738	1230
207472742	FARMSTAY - Black Garlic Nourishing Shampoo [530ml] / Шампунь-кондиционер 2в1 с экстрактом черного чеснока	761	530	884
207482718	JIGOTT - Snail Lifting Cream [70ml] / Крем для лица увлажняющий антивозрастной	828	501	835
151313163	ETUDE - Baking Powder Crunch Pore Scrub [200ml] / Очищающий скраб для лица с содой	660	398	664
207469760	FARMSTAY - Gold Snail Premium Cream [50ml] / Омолаживающий крем с муцином улитки и коллоидным золотом	338	334	557
551465879	CELIMAX THE VITA-A RETINOL SHOT TIGHTENING SERUM [30ml]/Сыворотка с ретинолом и микроиглами для лица	272	287	479
169076150	FARMSTAY - Escargot Noblesse Intensive Cream [50g] / Крем с муцином королевской улитки	150	257	428
207796789	ENOUGH - Gold Snail Moisture Foundation [Tone 13] / Тональный крем с муцином улитки 13 тон	289	188	314
207483179	JIGOTT - Snail Reparing Cream [100ml] / Крем для лица увлажняющий антивозрастной с муцином улитки	346	150	234
198156472	MANYO - Galac Whitening Vita Serum [50ml] / Осветляющая сыворотка с Витамином C	238	150	221
226115324	PETITFEE - Agave Cooling Hydrogel Face Mask [5pcs] / Охлаждающая гидрогелевая маска для лица с экстрактом агавы	326	150	217
419630142	FARMSTAY ESCARGOT NOBLESSE INTENSIVE AMPOULE/ сыворотка с улиткой	150	150	176
198147185	MANYO - Bifida Biome Complex Ampoule [50ml] / Антивозрастная сыворотка для лица	150	150	166
207796898	ENOUGH - Gold Snail Moisture Foundation [Tone 21] / Тональный крем с муцином улитки 21 тон	204	150	153
437242640	ROUND LAB MUGWORT CALMING CLEANSER_150ml - Очищающая пенка для умывания лица от прыщей и акне	150	150	149
151175880	PETITFEE - Black Pearl & Gold Hydrogel Eye Patch [60ea] / Гидрогелевые патчи для глаз с черным жемчугом и золотом	190	150	137
207483780	JIGOTT - Birds Nest Firming Cream [70ml] / Антивозрастной крем с экстрактом ласточкиного гнезда	150	150	126
212757456	JIGOTT - Daily Real Cica Toner [300ml] / Тонер для лица с центеллой азиатской	150	150	115
551607905	CELIMAX JI WOO GAE CICA BHA BLEMISH TONER PAD [170ml / 60pads]/Тонер-пэды от воспалений	150	150	115
151175877	PETITFEE - Agave Cooling Hydrogel Eye Patch [60ea] / Охлаждающие гидрогелевые патчи для глаз с экстрактом агавы	150	150	115
179611207	PETITFEE - Gold & Snail Hydrogel Eye Patch [60ea] / Гидрогелевые патчи для глаз с золотом и улиткой	164	150	113
212760119	JIGOTT - Ultimate Real Collagen Toner [300ml] / тонер с коллагеном антивозрастной	150	150	98
226117746	PETITFEE - Chamomile Lightening Hydrogel Mask Pack [5pcs] / Успокаивающая гидрогелевая маска для лица с экстрактом ромашки	45	45	92
198156698	MANYO - Pure Cleansing Oil [200ml] / Гидрофильное масло для глубокого очищения	150	150	91
868575374	MANYO BIFIDA COMPLEX AMPOULE GEL CLEANSER [400ml] / Гель для умывания с бифидобактериями	150	150	91
226115141	PETITFEE - Gold & Snail Hydrogel Mask Pack [5pcs] / Гидрогелевая маска для лица с золотом и экстрактом улитки	150	150	77
226114935	PETITFEE - Gold Hydrogel Mask Pack [5pcs] / Гидрогелевая маска для лица с золотом	150	150	55
868700077	MANYO BIFIDA INFUSION SHOT AMPOULE 1DX [50ml] / Сыворотка с микроиглами и пробиотиками	150	150	46
179611231	PETITFEE - Collagen & CoQ10 Hydrogel Eye Patch [60ea] / Гидрогелевые патчи для глаз с коллагеном и коэнзимом Q10	150	150	42
212883090	JIGOTT - Aura Secret Hyaluronec Acid Toner [300ml] / Тонер с гиалуроновой кислотой антивозрастной	150	150	42
212759698	JIGOTT - Moisture Real Aloe Vera Toner [300ml] / Тонер для лица увлажняющий с экстрактом алоэ	150	150	39
180988755	PETITFEE - Bera Glucan Deep Firming Eye Patch [60ea] / Тканевые патчи для век увлажняющие	90	150	36
180711104	PETITFEE - Gold Hydrogel Eye Patch [60ea] / гидрогелевые патчи для глаз с золотом	150	150	35
179611278	PETITFEE - Artichoke Soothing Hydrogel Eye Patch [60ea] / Смягчающие гидрогелевые патчи для глаз с экстрактом артишока	150	150	32
179611304	PETITFEE - Cacao Energizing Hydrogel Eye Patch [60ea] / Тонизирующие гидрогелевые патчи для глаз с экстрактом какао	72	72	25
551387355	CELIMAX THE VITA-A RETINAL SHOT TIGHTENING BOOSTER [15ml]/Подтягивающий бустер-крем с ретинолом для лица	150	150	18
180711041	PETITFEE - Gold & EGF Hydrogel Eye & Spot Patch [60ea]/ гидрогелевые патчи с золотом и EGF	36	36	10
551540924	CELIMAX PORE+DARK SPOT BRIGHTENING PAD [100ml / 40pads]/Тонер-пэды для выравнивания тона и рельефа кожи	150	150	5
307073881	ETUDE - Baking Powder BB Deep Cleansing Foam [160ml] / Пенка с содой для глубокого очищения и снятия макияжа	150	150	3
207466866	HEIMISH - Artless Glow Base SPF50+ PA+++(Renew) [40ml] / База под макияж SPF50+ PA+++	150	150	2
212885914	FARMSTAY - Collagen Water Full Moist Rolling Eye Serum [25ml] / Сыворотка роллер для глаз	150	150	0
199427475	DR. JART - Ctrl+A Teatreatment Toner [120ml] / Тонер тоник для лица увлажняющий с чайным деревом	150	150	0
198143251	MANYO - Bifida Biome Ampoule Lotion [300ml] / Укрепляющий лосьон с бифидобактериями	150	150	0
226115248	PETITFEE - Cacao Energizing Hydrogel Mask Pack [5pcs] / Тонизирующая гидрогелевая маска для лица с экстрактом какао	150	150	0
226114831	PETITFEE - Artichoke Soothing Hydrogel Face Mask [5pcs] / Смягчающая гидрогелевая маска для лица с экстрактом артишока	150	150	0
226115478	PETITFEE - Black Pearl & Gold Hydrogel Mask Pack [5pcs] / Гидрогелевая маска для лица с черным жемчугом и золотом	150	150	0
1123574113	ROUND LAB 1025 DOKDO TONER_200ml / Отшелушивающий тоник с морской водой	150	150	0
551600265	CELIMAX JI WOO GAE CICA BHA BLEMISH TONER PAD_10EA [30ml]/успокаивающие тонер-пэды	150	150	0
1119249556	VT PDRN ESSENCE 100 / Укрепляющая бустер-эссенция с ПДРН	150	150	0
1123494802	VT REEDLE SHOT 100 / Бустер-сыворотка с микроиглами	150	150	0
