Приоритет	Тип	Заголовок	Цена, руб	Категория Авито	Описание	Что входит	Локация	Нужны фото
1	отдельное	Клинкет Ду 300 судовой	250 000	Оборудование для бизнеса / Промышленное	Клинкет Ду 300 В наличии 16 шт, Владивосток. Самовывоз или отправка транспортной компанией по России. Есть другое судовое оборудование, пришлем перечень.	Клинкет Ду 300 — 16 шт	Фойе	да
1	отдельное	Задвижка клинкетная Ду 250 судовой	150 000	Оборудование для бизнеса / Промышленное	Задвижка клинкетная Ду 250 В наличии 17 шт, Владивосток. Самовывоз или отправка транспортной компанией по России. Есть другое судовое оборудование, пришлем перечень.	Задвижка клинкетная Ду 250 — 17 шт	Склад 1А/1Б	да
1	отдельное	Насос НЦВ 100/80 судовой	2 000 000	Оборудование для бизнеса / Промышленное	Насос НЦВ 100/80 В наличии 1 шт, Владивосток. Самовывоз или отправка транспортной компанией по России. Есть другое судовое оборудование, пришлем перечень.	Насос НЦВ 100/80 — 1 шт	Гараж 1	да
1	отдельное	Фильтр забортной воды Ду200 Большой судовой	250 000	Оборудование для бизнеса / Промышленное	Фильтр забортной воды Ду200 Большой В наличии 8 шт, Владивосток. Самовывоз или отправка транспортной компанией по России. Есть другое судовое оборудование, пришлем перечень.	Фильтр забортной воды Ду200 Большой — 8 шт	Фойе	да
1	отдельное	Клинкет Ду 200 судовой	150 000	Оборудование для бизнеса / Промышленное	Клинкет Ду 200 В наличии 11 шт, Владивосток. Самовывоз или отправка транспортной компанией по России. Есть другое судовое оборудование, пришлем перечень.	Клинкет Ду 200 — 11 шт	Фойе	да
1	отдельное	Насос НЦВ 40/20 судовой	400 000	Оборудование для бизнеса / Промышленное	Насос НЦВ 40/20 В наличии 4 шт, Владивосток. Самовывоз или отправка транспортной компанией по России. Есть другое судовое оборудование, пришлем перечень.	Насос НЦВ 40/20 — 4 шт	Фойе	да
1	отдельное	НЦВС 40/20 судовой	400 000	Оборудование для бизнеса / Промышленное	НЦВС 40/20 В наличии 3 шт, Владивосток. Самовывоз или отправка транспортной компанией по России. Есть другое судовое оборудование, пришлем перечень.	НЦВС 40/20 — 3 шт	Фойе	да
1	отдельное	НЦВ 100/20 двиг. 2ДМШН 160МА2 11кВт 2880об/м	550 000	Оборудование для бизнеса / Промышленное	НЦВ 100/20 двиг. 2ДМШН 160МА2 11кВт 2880об/м В наличии 2 шт, Владивосток. Самовывоз или отправка транспортной компанией по России. Есть другое судовое оборудование, пришлем перечень.	НЦВ 100/20 двиг. 2ДМШН 160МА2 11кВт 2880об/м — 2 шт	Фойе	да
1	отдельное	Барабан СЦ-1,5 (новые) судовой	156 000	Оборудование для бизнеса / Промышленное	Барабан СЦ-1,5 (новые) В наличии 5 шт, Владивосток. Состояние: новый. Самовывоз или отправка транспортной компанией по России. Есть другое судовое оборудование, пришлем перечень.	Барабан СЦ-1,5 (новые) — 5 шт	Склад 2	да
1	отдельное	Датчик ДТ-6 судовой	250 000	Оборудование для бизнеса / Промышленное	Датчик ДТ-6 В наличии 3 шт, Владивосток. Самовывоз или отправка транспортной компанией по России. Есть другое судовое оборудование, пришлем перечень.	Датчик ДТ-6 — 3 шт	Менеджерская	да
1	отдельное	Фильтр заборной воды ДУ 150 судовой	150 000	Оборудование для бизнеса / Промышленное	Фильтр заборной воды ДУ 150 В наличии 5 шт, Владивосток. Самовывоз или отправка транспортной компанией по России. Есть другое судовое оборудование, пришлем перечень.	Фильтр заборной воды ДУ 150 — 5 шт	Фойе	да
1	отдельное	Сепаратор СЦ -3 с двигателем б/у судовой	650 000	Оборудование для бизнеса / Промышленное	Сепаратор СЦ -3 с двигателем б/у В наличии 1 шт, Владивосток. Состояние: б/у. Самовывоз или отправка транспортной компанией по России. Есть другое судовое оборудование, пришлем перечень.	Сепаратор СЦ -3 с двигателем б/у — 1 шт	Фойе	да
1	отдельное	Сепаратор СЦ-1,5 в разборе б/у судовой	300 000	Оборудование для бизнеса / Промышленное	Сепаратор СЦ-1,5 в разборе б/у В наличии 2 шт, Владивосток. Состояние: б/у. Внимание: не комплект. Самовывоз или отправка транспортной компанией по России. Есть другое судовое оборудование, пришлем перечень.	Сепаратор СЦ-1,5 в разборе б/у — 2 шт	Фойе	да
1	отдельное	Сепаратор СЦ-3 в разборе (без станины) б/у судовой	600 000	Оборудование для бизнеса / Промышленное	Сепаратор СЦ-3 в разборе (без станины) б/у В наличии 1 шт, Владивосток. Состояние: б/у. Внимание: не комплект. Самовывоз или отправка транспортной компанией по России. Есть другое судовое оборудование, пришлем перечень.	Сепаратор СЦ-3 в разборе (без станины) б/у — 1 шт	Фойе	да
1	отдельное	Крышка цилиндра Пилстик (зеленая) на входе судовой	550 000	Оборудование для бизнеса / Промышленное	Крышка цилиндра Пилстик (зеленая) на входе В наличии 1 шт, Владивосток. Самовывоз или отправка транспортной компанией по России. Есть другое судовое оборудование, пришлем перечень.	Крышка цилиндра Пилстик (зеленая) на входе — 1 шт	Склад 1А/1Б	да
1	отдельное	НЦВ 40/80 двиг.АМ70-2 19кВт 2900об/м судовой	510 000	Оборудование для бизнеса / Промышленное	НЦВ 40/80 двиг.АМ70-2 19кВт 2900об/м В наличии 1 шт, Владивосток. Самовывоз или отправка транспортной компанией по России. Есть другое судовое оборудование, пришлем перечень.	НЦВ 40/80 двиг.АМ70-2 19кВт 2900об/м — 1 шт	Фойе	да
1	отдельное	Насос НЦВ 40/20 ? судовой	500 000	Оборудование для бизнеса / Промышленное	Насос НЦВ 40/20 ? В наличии 1 шт, Владивосток. Самовывоз или отправка транспортной компанией по России. Есть другое судовое оборудование, пришлем перечень.	Насос НЦВ 40/20 ? — 1 шт	Контейнер 1	да
1	отдельное	Насос НЦВС 63/30 новый судовой	500 000	Оборудование для бизнеса / Промышленное	Насос НЦВС 63/30 новый В наличии 1 шт, Владивосток. Состояние: новый. Самовывоз или отправка транспортной компанией по России. Есть другое судовое оборудование, пришлем перечень.	Насос НЦВС 63/30 новый — 1 шт	Контейнер 2	да
1	отдельное	Насос НЦВ 63/20 с двигателем 14кВт судовой	500 000	Оборудование для бизнеса / Промышленное	Насос НЦВ 63/20 с двигателем 14кВт В наличии 1 шт, Владивосток. Самовывоз или отправка транспортной компанией по России. Есть другое судовое оборудование, пришлем перечень.	Насос НЦВ 63/20 с двигателем 14кВт — 1 шт	Фойе	да
1	отдельное	Насос НЦВС 63/20 с трубками судовой	500 000	Оборудование для бизнеса / Промышленное	Насос НЦВС 63/20 с трубками В наличии 1 шт, Владивосток. Самовывоз или отправка транспортной компанией по России. Есть другое судовое оборудование, пришлем перечень.	Насос НЦВС 63/20 с трубками — 1 шт	Фойе	да
1	отдельное	НЦВ 63/20 или НЦВ 40/30 двиг. АМ52-2 8кВт 2850об/м	500 000	Оборудование для бизнеса / Промышленное	НЦВ 63/20 или НЦВ 40/30 двиг. АМ52-2 8кВт 2850об/м В наличии 1 шт, Владивосток. Самовывоз или отправка транспортной компанией по России. Есть другое судовое оборудование, пришлем перечень.	НЦВ 63/20 или НЦВ 40/30 двиг. АМ52-2 8кВт 2850об/м — 1 шт	Фойе	да
1	отдельное	НЦВ 63/20 двиг. ДМ32В2 7,5кВт 2900об/м судовой	500 000	Оборудование для бизнеса / Промышленное	НЦВ 63/20 двиг. ДМ32В2 7,5кВт 2900об/м В наличии 1 шт, Владивосток. Самовывоз или отправка транспортной компанией по России. Есть другое судовое оборудование, пришлем перечень.	НЦВ 63/20 двиг. ДМ32В2 7,5кВт 2900об/м — 1 шт	Фойе	да
1	отдельное	НЦВ 25/80 или НЦВС 40/65 двиг.АМ62-2 14кВт	500 000	Оборудование для бизнеса / Промышленное	НЦВ 25/80 или НЦВС 40/65 двиг.АМ62-2 14кВт 2850об/м В наличии 1 шт, Владивосток. Самовывоз или отправка транспортной компанией по России. Есть другое судовое оборудование, пришлем перечень.	НЦВ 25/80 или НЦВС 40/65 двиг.АМ62-2 14кВт 2850об/м — 1 шт	Фойе	да
2	лот	Клапаны судовая, склад Владивосток	750	Оборудование для бизнеса / Промышленное	Судовое оборудование со склада во Владивостоке: клапаны. | Всего 191 наименований, 2356 единиц. | Цены от 750 до 80 000 руб за единицу. |  | Основные позиции: | - Клапан штуцерный проходной Ду 10 Ру40 (СУНДУК), чертеж 521-01.471-01 — 798 шт, 9 000 руб | - Клапан фланцевый проходной Ду50 Ру 10 + ДУ 50 Ру 25 — 98 шт, 20 000 руб | - Клапан фланцевый проходной Ду50 — 66 шт, 22 500 руб | - Клапан штуцерный проходной Ду 25 (Китай) — 79 шт, 10 000 руб | - Клапан педальный Ду25 Китай, чертеж М528-03.001 — 62 шт, 12 500 руб | - Клапан штуцерный проходной Ду 20 — 100 шт, 7 500 руб | - Клапан фланцевый проходной Ду65 — 25 шт, 27 000 руб | - Клапан штуцерный проходной Ду 20 Ру 100, чертеж 521-01.470-03 — 102 шт, 6 000 руб | - Клапан штуцерный проходной Ду 20 Ру 40, чертеж 522-01.501-02 — 72 шт, 6 000 руб | - Клапан для манометра штущерный сальниковый Ду6Ру100 новый, чертеж 521-02.013 — 95 шт, 4 500 руб | - Клапан штущерный проходной Ду15 — 44 шт, 9 500 руб | - Клапан штуцерный угловой Ду32 Ру100, чертеж 521-01.468-07 — 39 шт, 9 600 руб | - и еще 179 наименований |  | Продаем поштучно и лотом, на лот скидка. | Пришлем полный перечень с ценами и фото по запросу. | Самовывоз во Владивостоке или отправка транспортной компанией.	191 наименований, 2356 единиц, на 23 994 150 руб	склад Владивосток	да, общий план и крупные позиции
2	лот	Иллюминаторы судовая, склад Владивосток	20 000	Запчасти и аксессуары / Водный транспорт	Судовое оборудование со склада во Владивостоке: иллюминаторы. | Всего 6 наименований, 104 единиц. | Цены от 20 000 до 90 000 руб за единицу. |  | Основные позиции: | - Иллюминатор круглый в сборе Ф300мм створчатый — 70 шт, 90 000 руб | - иллюминатор б/у д. 300, 350 — 27 шт, 20 000 руб | - Иллюминатор круглый в сборе Ф250мм — 3 шт, 45 000 руб | - Иллюминатор круглый без колец Ф300мм — 2 шт, 45 000 руб | - Иллюминатор квадратный 400*600 — 1 шт, 50 000 руб | - Иллюминатор створч. Ф300мм КИТАЙ — 1 шт, 50 000 руб |  | Продаем поштучно и лотом, на лот скидка. | Пришлем полный перечень с ценами и фото по запросу. | Самовывоз во Владивостоке или отправка транспортной компанией.	6 наименований, 104 единиц, на 7 165 000 руб	склад Владивосток	да, общий план и крупные позиции
2	лот	Светильники и комплектующие судовая, склад	190	Оборудование для бизнеса / Промышленное	Судовое оборудование со склада во Владивостоке: светильники и комплектующие. | Всего 44 наименований, 4512 единиц. | Цены от 190 до 18 000 руб за единицу. |  | Основные позиции: | - Светильник СС328 220V без амортизаторов (китай) 2-й приход — 1857 шт, 1 533 руб | - Светильник СС328 с амортизаторами (китай) 1-й приход — 967 шт, 1 600 руб | - Светильник СС328 127V без амортизаторов (китай) 2-й приход — 715 шт, 1 533 руб | - Светильник СС-410 б/у — 10 шт, 18 000 руб | - Светильник СС328 (ок. стены) — 76 шт, 2 000 руб | - Светильник СС373 в сборе — 21 шт, 5 000 руб | - Светильник импортный — 80 шт, 1 000 руб | - Резинки для СС328, чертеж 405 — 405 шт, 190 руб | - Светильник СС328 без амортизаторов (китай) 1-й приход — 50 шт, 1 533 руб | - Светильник СС-410(новые) большие, чертеж 2 — 2 шт, 18 000 руб | - Светильник СС-328 решетка, чертеж 38 — 38 шт, 800 руб | - Светильник СС-373 в сборе, чертеж 6 — 6 шт, 4 950 руб | - и еще 32 наименований |  | Продаем поштучно и лотом, на лот скидка. | Пришлем полный перечень с ценами и фото по запросу. | Самовывоз во Владивостоке или отправка транспортной компанией.	44 наименований, 4512 единиц, на 6 588 412 руб	склад Владивосток	да, общий план и крупные позиции
2	лот	Клинкеты и задвижки судовая, склад Владивосток	18 000	Оборудование для бизнеса / Промышленное	Судовое оборудование со склада во Владивостоке: клинкеты и задвижки. | Всего 16 наименований, 148 единиц. | Цены от 18 000 до 75 000 руб за единицу. |  | Основные позиции: | - Задвижка клинкетная Ду100 — 43 шт, 38 000 руб | - Задвижка клинкетная Ду 80 БРОНЗА — 44 шт, 24 000 руб | - Задвижка клинкетная фланцевая Ду80 Ру6 — 18 шт, 32 000 руб | - Задвижка клинкетная Ду65 — 16 шт, 27 000 руб | - Задвижка клинкетная Ду100 — 6 шт, 38 000 руб | - Задвижка клинкетная фланцевая Ду70 Ру6 — 7 шт, 27 000 руб | - Задвижка клинкетная стальная Ду300, чертеж 544-03.067 — 2 шт, 75 000 руб | - Задвижка клинкетная Ду 100 БРОНЗА — 2 шт, 35 000 руб | - Клинкет Ду 100, сталь — 2 шт, 30 000 руб | - Электропривод к задвижке — 1 шт, 50 000 руб | - Задвижка клинкетная Ду80 ( в разборе) — 2 шт, 24 000 руб | - Задвижка клинкетная Ду100 без штока и блинов ( в разборе) — 1 шт, 35 000 руб | - и еще 4 наименований |  | Продаем поштучно и лотом, на лот скидка. | Пришлем полный перечень с ценами и фото по запросу. | Самовывоз во Владивостоке или отправка транспортной компанией.	16 наименований, 148 единиц, на 4 611 000 руб	склад Владивосток	да, общий план и крупные позиции
2	лот	Автоматы и контакторы судовая, склад Владивосток	342	Оборудование для бизнеса / Промышленное	Судовое оборудование со склада во Владивостоке: автоматы и контакторы. | Всего 62 наименований, 817 единиц. | Цены от 342 до 21 750 руб за единицу. |  | Основные позиции: | - Автомат.выключ. АК 50 3МГ 10А, чертеж 140 — 140 шт, 4 682 руб | - Автомат.выключ. АК 50 2МГ 10А, чертеж 115 — 115 шт, 4 004 руб | - Автомат.выключ. АК 50 3МГ 16А, чертеж 57 — 57 шт, 4 347 руб | - Автомат.выключ. АК 50 3МГ 5А, чертеж 57 — 57 шт, 4 004 руб | - Автомат.выключ. АК 50 3МГ 20А, чертеж 42 — 42 шт, 4 682 руб | - Автомат.выключ. ТИП А377 2БР 160А 380V, чертеж 22 — 22 шт, 8 500 руб | - КМ 2351-8Д, чертеж 47 — 39 шт, 4 000 руб | - Автомат.выключ. АК 50 3МГ 31,5А, чертеж 31 — 31 шт, 4 347 руб | - Автомат.выключ. ТИП А377 2БР 63А 380V, чертеж 10 — 10 шт, 12 295 руб | - Автомат.выключ. АК 25 2МГ 10А, чертеж 25 — 25 шт, 4 004 руб | - КПМ-121 ОМ, чертеж 4 — 4 шт, 21 750 руб | - КМ 2311-9, чертеж 15 — 20 шт, 3 700 руб | - и еще 50 наименований |  | Продаем поштучно и лотом, на лот скидка. | Пришлем полный перечень с ценами и фото по запросу. | Самовывоз во Владивостоке или отправка транспортной компанией.	62 наименований, 817 единиц, на 3 649 762 руб	склад Владивосток	да, общий план и крупные позиции
2	лот	Двери судовая, склад Владивосток	10 000	Запчасти и аксессуары / Водный транспорт	Судовое оборудование со склада во Владивостоке: двери. | Всего 10 наименований, 61 единиц. | Цены от 10 000 до 70 000 руб за единицу. |  | Основные позиции: | - Дверь легкая 1750*650 левая без иллюминатора — 23 шт, 30 000 руб | - Дверь легкая 1600*600 — 10 шт, 50 000 руб | - Дверь легкая 1750*650 левая с иллюминатором — 13 шт, 30 000 руб | - Дверь ВГН 1400*600 КИТАЙ правая — 5 шт, 70 000 руб | - Дверь ВГН 1400*600 КИТАЙ левая — 4 шт, 70 000 руб | - Дверь ВГН 1400*600 КИТАЙ правая — 2 шт, 50 000 руб | - Двери АМГ 1400*600 с иллюминат. б/у правая — 1 шт, 70 000 руб | - Дверь ВГН 1300*500 правая — 1 шт, 65 000 руб | - Дверь ВГН 1400*600 КИТАЙ левая — 1 шт, 50 000 руб | - Дверь ВГН 1400*600 б/у левая — 1 шт, 10 000 руб |  | Продаем поштучно и лотом, на лот скидка. | Пришлем полный перечень с ценами и фото по запросу. | Самовывоз во Владивостоке или отправка транспортной компанией.	10 наименований, 61 единиц, на 2 505 000 руб	склад Владивосток	да, общий план и крупные позиции
2	лот	Клапанные коробки судовая, склад Владивосток	20 000	Оборудование для бизнеса / Промышленное	Судовое оборудование со склада во Владивостоке: клапанные коробки. | Всего 6 наименований, 30 единиц. | Цены от 20 000 до 80 000 руб за единицу. |  | Основные позиции: | - Коробка 2-х клапановая фланцевая Ду80 — 15 шт, 44 000 руб | - Коробка 3-х клап.фланцевая невозврат.Ду80 Ру6, чертеж 526-03.097 — 6 шт, 80 000 руб | - Коробка 2-х клапановая фланцевая Ду50 — 4 шт, 35 000 руб | - Коробка 2-х клапановая фланцевая Ду80, чертеж 526-03.163 — 2 шт, 60 000 руб | - Коробка 2-х клапановая фланцевая Ду80 — 2 шт, 44 000 руб | - Коробка 2-х клапанная корпус — 1 шт, 20 000 руб |  | Продаем поштучно и лотом, на лот скидка. | Пришлем полный перечень с ценами и фото по запросу. | Самовывоз во Владивостоке или отправка транспортной компанией.	6 наименований, 30 единиц, на 1 508 000 руб	склад Владивосток	да, общий план и крупные позиции
2	лот	Блокформы и балласт судовая, склад Владивосток	11 000	Оборудование для бизнеса / Промышленное	Судовое оборудование со склада во Владивостоке: блокформы и балласт. | Всего 2 наименований, 116 единиц. | Цены от 11 000 до 11 000 руб за единицу. |  | Основные позиции: | - Блокформы LBH немец.круглые (отверстие посредине) — 71 шт, 11 000 руб | - Блокформы LBH русск.овальные — 45 шт, 11 000 руб |  | Продаем поштучно и лотом, на лот скидка. | Пришлем полный перечень с ценами и фото по запросу. | Самовывоз во Владивостоке или отправка транспортной компанией.	2 наименований, 116 единиц, на 1 276 000 руб	склад Владивосток	да, общий план и крупные позиции
2	лот	Реле, датчики, приборы судовая, склад Владивосток	299	Оборудование для бизнеса / Промышленное	Судовое оборудование со склада во Владивостоке: реле, датчики, приборы. | Всего 31 наименований, 298 единиц. | Цены от 299 до 59 800 руб за единицу. |  | Основные позиции: | - РШВ2-41, чертеж 83 — 83 шт, 5 980 руб | - Коробка соединительная Т9-4М, чертеж 51 — 51 шт, 1 980 руб | - Пульт 1-маленький 1-большой — 2 шт, 50 000 руб | - Симметр 127/220В — 1 шт, 59 800 руб | - СЯ10-2-0 ящик соединительный, чертеж 8 — 8 шт, 6 900 руб | - РШ2-41, чертеж 57 — 57 шт, 730 руб | - КВП Коробка соединительная КВП4-1,5 10А 380А, чертеж 30 — 30 шт, 1 380 руб | - Звонок ЗПВ 220В, чертеж 4 — 4 шт, 7 500 руб | - Реле-регулятор РРТ-32, чертеж 1 — 1 шт, 28 500 руб | - Реле давления РНД-1, чертеж 2 — 2 шт, 7 980 руб | - Реле уровня РОС-400, чертеж 1 — 1 шт, 15 893 руб | - РШП-3 380В 35А (розетка), чертеж 10 — 10 шт, 1 487 руб | - и еще 19 наименований |  | Продаем поштучно и лотом, на лот скидка. | Пришлем полный перечень с ценами и фото по запросу. | Самовывоз во Владивостоке или отправка транспортной компанией.	31 наименований, 298 единиц, на 1 124 251 руб	склад Владивосток	да, общий план и крупные позиции
2	лот	Головки, грибки, компенсаторы судовая, склад	4 500	Оборудование для бизнеса / Промышленное	Судовое оборудование со склада во Владивостоке: головки, грибки, компенсаторы. | Всего 12 наименований, 73 единиц. | Цены от 4 500 до 25 000 руб за единицу. |  | Основные позиции: | - Головка воздушно-квадрат.(поплавковая) Ду80 (541-03.218) — 19 шт, 14 000 руб | - Грибки АМГ Ду 175 (541-03.316-03) — 10 шт, 25 000 руб | - Головка воздушно-квадрат.(поплавковая) Ду125 (без поплавка) (541-03.220) — 6 шт, 25 000 руб | - Колонка указательная с плоским рифленым стеклом Ду10Ру10, чертеж 598-03.083-01 — 16 шт, 6 000 руб | - Грибки АМГ Ду 150 (верхние) (541-03.315-02) — 3 шт, 18 000 руб | - Грибки Ду200 (б/у) (541-03.313-04) — 2 шт, 20 000 руб | - Грибки АМГ Ду 200 с нижнем приводом (541-03.313-04) — 2 шт, 20 000 руб | - Головка воздушно-квадрат.(поплавковая) Ду25 (541-03.232) — 8 шт, 4 500 руб | - Грибки АМГ Ду 150 (нижние) (541-03.316-02) — 2 шт, 17 000 руб | - Эжектор ВЭЖ 6,3 — 1 шт, 25 000 руб | - Грибки Ду125 б-у — 1 шт, 20 000 руб | - Головка воздушно-квадрат.(поплавковая) Ду32 (541-03.224; 541-03.233) — 3 шт, 5 000 руб |  | Продаем поштучно и лотом, на лот скидка. | Пришлем полный перечень с ценами и фото по запросу. | Самовывоз во Владивостоке или отправка транспортной компанией.	12 наименований, 73 единиц, на 1 026 000 руб	склад Владивосток	да, общий план и крупные позиции
2	отдельное	Плита камбузная ПКЭ-300-ОМ4 3-220V; 25,2kw ;№672;	480 000	Оборудование для бизнеса / Промышленное	Плита камбузная ПКЭ-300-ОМ4 3-220V; 25,2kw ;№672; 460кг; 11/91г В наличии 1 шт, Владивосток. Самовывоз или отправка транспортной компанией по России. Есть другое судовое оборудование, пришлем перечень.	Плита камбузная ПКЭ-300-ОМ4 3-220V; 25,2kw ;№672; 460кг; 11/91г — 1 шт	Гараж 2	да
2	отдельное	Плита камбузная ПКЭ-300-ОМ4 3-127V; 25,2kw ;№1108;	480 000	Оборудование для бизнеса / Промышленное	Плита камбузная ПКЭ-300-ОМ4 3-127V; 25,2kw ;№1108; 460кг; 04/92г В наличии 1 шт, Владивосток. Самовывоз или отправка транспортной компанией по России. Есть другое судовое оборудование, пришлем перечень.	Плита камбузная ПКЭ-300-ОМ4 3-127V; 25,2kw ;№1108; 460кг; 04/92г — 1 шт	Гараж 2	да
2	отдельное	Компрессор 2ОК1 синий судовой	450 000	Оборудование для бизнеса / Промышленное	Компрессор 2ОК1 синий В наличии 1 шт, Владивосток. Самовывоз или отправка транспортной компанией по России. Есть другое судовое оборудование, пришлем перечень.	Компрессор 2ОК1 синий — 1 шт	Гараж 2	да
2	отдельное	Клапан фланцевый проходной Ду200 судовой	150 000	Оборудование для бизнеса / Промышленное	Клапан фланцевый проходной Ду200 В наличии 3 шт, Владивосток. Самовывоз или отправка транспортной компанией по России. Есть другое судовое оборудование, пришлем перечень.	Клапан фланцевый проходной Ду200 — 3 шт	Склад 1А/1Б	да
2	отдельное	Коленвал 18/22 судовой	400 000	Оборудование для бизнеса / Промышленное	Коленвал 18/22 В наличии 1 шт, Владивосток. Самовывоз или отправка транспортной компанией по России. Есть другое судовое оборудование, пришлем перечень.	Коленвал 18/22 — 1 шт	Гараж 1	да
2	отдельное	Весы для ЛБАШ ( похоже на вентиляцию ) судовой	100 000	Оборудование для бизнеса / Промышленное	Весы для ЛБАШ ( похоже на вентиляцию ) В наличии 4 шт, Владивосток. Самовывоз или отправка транспортной компанией по России. Есть другое судовое оборудование, пришлем перечень.	Весы для ЛБАШ ( похоже на вентиляцию ) — 4 шт	Гараж 2	да
2	отдельное	Фильтр забортной воды Ду 300 судовой	400 000	Оборудование для бизнеса / Промышленное	Фильтр забортной воды Ду 300 В наличии 1 шт, Владивосток. Самовывоз или отправка транспортной компанией по России. Есть другое судовое оборудование, пришлем перечень.	Фильтр забортной воды Ду 300 — 1 шт	Фойе	да
2	отдельное	Клинкет Ду 250 судовой	200 000	Оборудование для бизнеса / Промышленное	Клинкет Ду 250 В наличии 2 шт, Владивосток. Самовывоз или отправка транспортной компанией по России. Есть другое судовое оборудование, пришлем перечень.	Клинкет Ду 250 — 2 шт	Фойе	да
2	отдельное	Клинкет Ду 250 не комплект судовой	200 000	Оборудование для бизнеса / Промышленное	Клинкет Ду 250 не комплект В наличии 2 шт, Владивосток. Внимание: не комплект. Самовывоз или отправка транспортной компанией по России. Есть другое судовое оборудование, пришлем перечень.	Клинкет Ду 250 не комплект — 2 шт	Фойе	да
2	отдельное	Сепаратор СЦ-1,5 с двигателем б/у судовой	380 000	Оборудование для бизнеса / Промышленное	Сепаратор СЦ-1,5 с двигателем б/у В наличии 1 шт, Владивосток. Состояние: б/у. Самовывоз или отправка транспортной компанией по России. Есть другое судовое оборудование, пришлем перечень.	Сепаратор СЦ-1,5 с двигателем б/у — 1 шт	Фойе	да
2	отдельное	Фильтр фланц.прох. забортной воды Ду100 Ру4	120 000	Оборудование для бизнеса / Промышленное	Фильтр фланц.прох. забортной воды Ду100 Ру4 чертеж 427-03-109-2 В наличии 3 шт, Владивосток. Самовывоз или отправка транспортной компанией по России. Есть другое судовое оборудование, пришлем перечень.	Фильтр фланц.прох. забортной воды Ду100 Ру4 — 3 шт	Склад 2	да
2	отдельное	Клинкет Ду 350 судовой	300 000	Оборудование для бизнеса / Промышленное	Клинкет Ду 350 В наличии 1 шт, Владивосток. Самовывоз или отправка транспортной компанией по России. Есть другое судовое оборудование, пришлем перечень.	Клинкет Ду 350 — 1 шт	Фойе	да
2	отдельное	Водонагреватель ВЭС-300 ОМ5 220 V (щит	285 000	Оборудование для бизнеса / Промышленное	Водонагреватель ВЭС-300 ОМ5 220 V (щит управ+провода+термометр) чертеж 1 В наличии 1 шт, Владивосток. Самовывоз или отправка транспортной компанией по России. Есть другое судовое оборудование, пришлем перечень.	Водонагреватель ВЭС-300 ОМ5 220 V (щит управ+провода+термометр) — 1 шт	Склад 3	да
2	отдельное	Плита камбузная ПКЭ-50 (разобранная) мастерская	250 000	Оборудование для бизнеса / Промышленное	Плита камбузная ПКЭ-50 (разобранная) мастерская б/у В наличии 1 шт, Владивосток. Состояние: б/у. Самовывоз или отправка транспортной компанией по России. Есть другое судовое оборудование, пришлем перечень.	Плита камбузная ПКЭ-50 (разобранная) мастерская б/у — 1 шт	Фойе	да
2	отдельное	Плита камбузная ПКЭ-50 +щит+ограничитель	250 000	Оборудование для бизнеса / Промышленное	Плита камбузная ПКЭ-50 +щит+ограничитель (мастерская) б/у В наличии 1 шт, Владивосток. Состояние: б/у. Самовывоз или отправка транспортной компанией по России. Есть другое судовое оборудование, пришлем перечень.	Плита камбузная ПКЭ-50 +щит+ограничитель (мастерская) б/у — 1 шт	Фойе	да
2	отдельное	Плита камбузная ПКЭ-50 б/у судовой	250 000	Оборудование для бизнеса / Промышленное	Плита камбузная ПКЭ-50 б/у В наличии 1 шт, Владивосток. Состояние: б/у. Самовывоз или отправка транспортной компанией по России. Есть другое судовое оборудование, пришлем перечень.	Плита камбузная ПКЭ-50 б/у — 1 шт	Фойе	да
2	отдельное	Насос ЭСН-11А пост. 175/320В, 9,6/19,5кВт,	200 000	Оборудование для бизнеса / Промышленное	Насос ЭСН-11А пост. 175/320В, 9,6/19,5кВт, 2400/3750 об/м В наличии 1 шт, Владивосток. Самовывоз или отправка транспортной компанией по России. Есть другое судовое оборудование, пришлем перечень.	Насос ЭСН-11А пост. 175/320В, 9,6/19,5кВт, 2400/3750 об/м — 1 шт	Гараж 2	да
2	отдельное	Ротор ? судовой	200 000	Оборудование для бизнеса / Промышленное	Ротор ? В наличии 1 шт, Владивосток. Самовывоз или отправка транспортной компанией по России. Есть другое судовое оборудование, пришлем перечень.	Ротор ? — 1 шт	Гараж 2	да
2	отдельное	Барабан СЦ-3 б/у КОРПУС БАРАБАНА судовой	100 000	Оборудование для бизнеса / Промышленное	Барабан СЦ-3 б/у КОРПУС БАРАБАНА В наличии 2 шт, Владивосток. Состояние: б/у. Самовывоз или отправка транспортной компанией по России. Есть другое судовое оборудование, пришлем перечень.	Барабан СЦ-3 б/у КОРПУС БАРАБАНА — 2 шт	Склад 2	да
2	отдельное	Насос ЭВН 5/5 судовой	184 668	Оборудование для бизнеса / Промышленное	Насос ЭВН 5/5 В наличии 1 шт, Владивосток. Самовывоз или отправка транспортной компанией по России. Есть другое судовое оборудование, пришлем перечень.	Насос ЭВН 5/5 — 1 шт	Склад 3	да
2	отдельное	Контроллер КВ-00285(грузовая лебедка), б/у судовой	170 500	Оборудование для бизнеса / Промышленное	Контроллер КВ-00285(грузовая лебедка), б/у чертеж 1 В наличии 1 шт, Владивосток. Состояние: б/у. Самовывоз или отправка транспортной компанией по России. Есть другое судовое оборудование, пришлем перечень.	Контроллер КВ-00285(грузовая лебедка), б/у — 1 шт	Склад 2	да
2	отдельное	Контроллер КВ1831 для шпиля Ш-3 судовой	140 000	Оборудование для бизнеса / Промышленное	Контроллер КВ1831 для шпиля Ш-3 чертеж 1 В наличии 1 шт, Владивосток. Самовывоз или отправка транспортной компанией по России. Есть другое судовое оборудование, пришлем перечень.	Контроллер КВ1831 для шпиля Ш-3 — 1 шт	Склад 2	да
2	отдельное	Дверь ВГН 1800х750 правая черт.262-01-002.26	120 000	Запчасти и аксессуары / Водный транспорт	Дверь ВГН 1800х750 правая черт.262-01-002.26 В наличии 1 шт, Владивосток. Самовывоз или отправка транспортной компанией по России. Есть другое судовое оборудование, пришлем перечень.	Дверь ВГН 1800х750 правая черт.262-01-002.26 — 1 шт	Гараж 1	да
2	отдельное	Дверь ВГН 1600х750 правая судовой	120 000	Запчасти и аксессуары / Водный транспорт	Дверь ВГН 1600х750 правая В наличии 1 шт, Владивосток. Самовывоз или отправка транспортной компанией по России. Есть другое судовое оборудование, пришлем перечень.	Дверь ВГН 1600х750 правая — 1 шт	Гараж 1	да
2	отдельное	Клапан фланцевый проходной Ду200 Ру6 судовой	120 000	Оборудование для бизнеса / Промышленное	Клапан фланцевый проходной Ду200 Ру6 чертеж 522-03.184 В наличии 1 шт, Владивосток. Самовывоз или отправка транспортной компанией по России. Есть другое судовое оборудование, пришлем перечень.	Клапан фланцевый проходной Ду200 Ру6 — 1 шт	Склад 3	да
2	отдельное	Фильтр забортной воды Ду 100 судовой	120 000	Оборудование для бизнеса / Промышленное	Фильтр забортной воды Ду 100 В наличии 1 шт, Владивосток. Самовывоз или отправка транспортной компанией по России. Есть другое судовое оборудование, пришлем перечень.	Фильтр забортной воды Ду 100 — 1 шт	Фойе	да
2	отдельное	Контроллер КВ-00287(грузовая лебедка), б/у судовой	112 000	Оборудование для бизнеса / Промышленное	Контроллер КВ-00287(грузовая лебедка), б/у чертеж 1 В наличии 1 шт, Владивосток. Состояние: б/у. Самовывоз или отправка транспортной компанией по России. Есть другое судовое оборудование, пришлем перечень.	Контроллер КВ-00287(грузовая лебедка), б/у — 1 шт	Склад 2	да
2	отдельное	Барабан СЦ-1,5 б/у ( в сборе) судовой	100 000	Оборудование для бизнеса / Промышленное	Барабан СЦ-1,5 б/у ( в сборе) В наличии 1 шт, Владивосток. Состояние: б/у. Самовывоз или отправка транспортной компанией по России. Есть другое судовое оборудование, пришлем перечень.	Барабан СЦ-1,5 б/у ( в сборе) — 1 шт	Склад 2	да
2	отдельное	Насос пресновод.д/осушения танков 4390/4-588-001	100 000	Оборудование для бизнеса / Промышленное	Насос пресновод.д/осушения танков 4390/4-588-001 В наличии 1 шт, Владивосток. Состояние: новый. Самовывоз или отправка транспортной компанией по России. Есть другое судовое оборудование, пришлем перечень.	Насос пресновод.д/осушения танков 4390/4-588-001 — 1 шт	Склад 2	да
2	отдельное	Контроллер (грузовая лебедка) большая б/у судовой	100 000	Оборудование для бизнеса / Промышленное	Контроллер (грузовая лебедка) большая б/у чертеж 1 В наличии 1 шт, Владивосток. Состояние: б/у. Самовывоз или отправка транспортной компанией по России. Есть другое судовое оборудование, пришлем перечень.	Контроллер (грузовая лебедка) большая б/у — 1 шт	Склад 2	да
3	лот	Двигатели и ЗИП судовая, склад Владивосток	300	Оборудование для бизнеса / Промышленное	Судовое оборудование со склада во Владивостоке: двигатели и зип. | Всего 9 наименований, 47 единиц. | Цены от 300 до 80 000 руб за единицу. |  | Основные позиции: | - Крышка цилиндра 8НВД48А2У (голые) — 8 шт, 80 000 руб | - Уплотнение торц. 6АР 50Е, чертеж 8 — 8 шт, 22 000 руб | - Поршень 6ЧН25/34, чертеж 1 — 1 шт, 55 000 руб | - Фонарь выхлопной 8NVD48A2U, чертеж 1 — 1 шт, 11 500 руб | - Двигатель б/у на лапах — 1 шт, 10 000 руб | - Плунжерная пара 1ая/2ая модель, чертеж 2 — 2 шт, 4 000 руб | - Фильтр, чертеж 12 — 12 шт, 390 руб | - Фильтр, чертеж 12 — 12 шт, 300 руб | - Кулачковая шайба топливная, чертеж 2 — 2 шт, 750 руб |  | Продаем поштучно и лотом, на лот скидка. | Пришлем полный перечень с ценами и фото по запросу. | Самовывоз во Владивостоке или отправка транспортной компанией.	9 наименований, 47 единиц, на 910 280 руб	склад Владивосток	да, общий план и крупные позиции
3	лот	Такелаж и корпусное судовая, склад Владивосток	2 890	Оборудование для бизнеса / Промышленное	Судовое оборудование со склада во Владивостоке: такелаж и корпусное. | Всего 11 наименований, 33 единиц. | Цены от 2 890 до 40 000 руб за единицу. |  | Основные позиции: | - Диски тормозные ТДП-6А Ф400, чертеж 7 — 7 шт, 40 000 руб | - Диски тормозные 225мм, чертеж 11 — 11 шт, 4 890 руб | - Скобы разные ( 1 большая+ 2 маленькие ) — 3 шт, 10 000 руб | - Противовес 3,2т (Россия) — 1 шт, 28 600 руб | - Противовес 3,2т (Корея) — 1 шт, 28 600 руб | - Стекло с обогревом 560*800 б/у, чертеж 1 — 1 шт, 25 000 руб | - Диски тормозные 185мм, чертеж 2 — 2 шт, 10 000 руб | - Диски тормозные 170мм, чертеж 4 — 4 шт, 2 890 руб | - Диски тормозные 310мм, чертеж 1 — 1 шт, 9 890 руб | - Диски тормозные 260мм, чертеж 1 — 1 шт, 5 100 руб | - Гак — 1 шт, 3 000 руб |  | Продаем поштучно и лотом, на лот скидка. | Пришлем полный перечень с ценами и фото по запросу. | Самовывоз во Владивостоке или отправка транспортной компанией.	11 наименований, 33 единиц, на 495 540 руб	склад Владивосток	да, общий план и крупные позиции
3	лот	Краны судовая, склад Владивосток	4 000	Оборудование для бизнеса / Промышленное	Судовое оборудование со склада во Владивостоке: краны. | Всего 6 наименований, 53 единиц. | Цены от 4 000 до 14 400 руб за единицу. |  | Основные позиции: | - Кран штуцерный спусковой самозапорный проходной Ду20 Ру10, чертеж 528-3М129 — 36 шт, 9 000 руб | - Кран трехходовой штуцерный Ду20 Ру16, чертеж 536-35.695 — 7 шт, 9 000 руб | - Кран штуцерный спусковой самозапорный проходной Ду15 Ру25 — 4 шт, 7 500 руб | - Кран трехходовой штуцерный Ду32 Ру10, чертеж 536-35.696 — 2 шт, 14 400 руб | - Кран двухходовой штуцерный Ду20 Ру16, чертеж 536-3М5 — 3 шт, 4 000 руб | - Кран двухходовой фланцевый Ду32 Ру6, чертеж 536-3М.72 — 1 шт, 9 600 руб |  | Продаем поштучно и лотом, на лот скидка. | Пришлем полный перечень с ценами и фото по запросу. | Самовывоз во Владивостоке или отправка транспортной компанией.	6 наименований, 53 единиц, на 467 400 руб	склад Владивосток	да, общий план и крупные позиции
3	лот	Захлопки судовая, склад Владивосток	17 500	Оборудование для бизнеса / Промышленное	Судовое оборудование со склада во Владивостоке: захлопки. | Всего 7 наименований, 11 единиц. | Цены от 17 500 до 40 000 руб за единицу. |  | Основные позиции: | - Захлопка фланцевая горизон. Ду100 Ру10, чертеж 529-03.074 — 3 шт, 40 000 руб | - Захлопка Ду50Ру6 - БРАК — 3 шт, 17 500 руб | - Захлопка фланцевая проходная Ду100Ру6,3, чертеж 529-35.1406-01 — 1 шт, 40 000 руб | - Захлопка фланцевая вертикальная Ду100, чертеж 529-03.003 — 1 шт, 40 000 руб | - Захлопка фланцевая угловая Ду100Ру10, чертеж 529-35-1405-01 — 1 шт, 40 000 руб | - Захлопка фланцевая вертикальная Ду50Ру63, чертеж 529-35.1400-01 — 1 шт, 25 000 руб | - Захлопка фланцевая горизонтальная Ду50, чертеж 529-03.011 — 1 шт, 25 000 руб |  | Продаем поштучно и лотом, на лот скидка. | Пришлем полный перечень с ценами и фото по запросу. | Самовывоз во Владивостоке или отправка транспортной компанией.	7 наименований, 11 единиц, на 342 500 руб	склад Владивосток	да, общий план и крупные позиции
3	лот	Насосы судовая, склад Владивосток	3 500	Оборудование для бизнеса / Промышленное	Судовое оборудование со склада во Владивостоке: насосы. | Всего 5 наименований, 26 единиц. | Цены от 3 500 до 50 000 руб за единицу. |  | Основные позиции: | - Насос — 2 шт, 50 000 руб | - Поплавок НЦВС 40/20, чертеж 20 — 20 шт, 3 500 руб | - Насос ТНВД с регулятором АК-7 327-20-1Н/ АК-7 315-619-2Н, чертеж 1 — 1 шт, 40 000 руб | - Сальниковая обойма нижняя часть НЦВС 63/20, чертеж 2 — 2 шт, 15 000 руб | - Колесо рабочее для Насос НЦВ 40/20, чертеж 1 — 1 шт, 19 800 руб |  | Продаем поштучно и лотом, на лот скидка. | Пришлем полный перечень с ценами и фото по запросу. | Самовывоз во Владивостоке или отправка транспортной компанией.	5 наименований, 26 единиц, на 259 800 руб	склад Владивосток	да, общий план и крупные позиции
3	лот	Сепараторы и барабаны судовая, склад Владивосток	70 000	Оборудование для бизнеса / Промышленное	Судовое оборудование со склада во Владивостоке: сепараторы и барабаны. | Всего 1 наименований, 3 единиц. | Цены от 70 000 до 70 000 руб за единицу. |  | Основные позиции: | - Барабан СЦ-1,5 б/у КОРПУС БАРАБАНА — 3 шт, 70 000 руб |  | Продаем поштучно и лотом, на лот скидка. | Пришлем полный перечень с ценами и фото по запросу. | Самовывоз во Владивостоке или отправка транспортной компанией.	1 наименований, 3 единиц, на 210 000 руб	склад Владивосток	да, общий план и крупные позиции
3	лот	Трансформаторы и питание судовая, склад	3 500	Оборудование для бизнеса / Промышленное	Судовое оборудование со склада во Владивостоке: трансформаторы и питание. | Всего 6 наименований, 12 единиц. | Цены от 3 500 до 57 445 руб за единицу. |  | Основные позиции: | - Трансформатор ОСЗ-10/0,5 10кВт 50Hz — 2 шт, 57 445 руб | - Воздухораспределитель поворотный 542 77 1 105, чертеж 6 — 6 шт, 7 540 руб | - Трансформатор ОСВМ-2,5-74 50Hz — 1 шт, 10 000 руб | - Трансформатор ОСВМ-0,63-74 — 1 шт, 10 000 руб | - Трансформатор ОСВ-0,5 50Hz — 1 шт, 5 500 руб | - Трансформатор ОСВМ-0,65-74 ОМ5, чертеж 1 — 1 шт, 3 500 руб |  | Продаем поштучно и лотом, на лот скидка. | Пришлем полный перечень с ценами и фото по запросу. | Самовывоз во Владивостоке или отправка транспортной компанией.	6 наименований, 12 единиц, на 189 130 руб	склад Владивосток	да, общий план и крупные позиции
3	лот	Крышки и люки судовая, склад Владивосток	10 000	Запчасти и аксессуары / Водный транспорт	Судовое оборудование со склада во Владивостоке: крышки и люки. | Всего 3 наименований, 4 единиц. | Цены от 10 000 до 75 000 руб за единицу. |  | Основные позиции: | - Крышка ВГН 800*800 (Проницаемая) — 1 шт, 75 000 руб | - Крышка ВГН 450*600 (задрайка) РОССИЯ б/у — 1 шт, 50 000 руб | - Крышка иллюминатора со стеклом Ф300мм броняшка — 2 шт, 10 000 руб |  | Продаем поштучно и лотом, на лот скидка. | Пришлем полный перечень с ценами и фото по запросу. | Самовывоз во Владивостоке или отправка транспортной компанией.	3 наименований, 4 единиц, на 145 000 руб	склад Владивосток	да, общий план и крупные позиции
3	лот	Лампы и предохранители судовая, склад Владивосток	20	Оборудование для бизнеса / Промышленное	Судовое оборудование со склада во Владивостоке: лампы и предохранители. | Всего 6 наименований, 1776 единиц. | Цены от 20 до 115 руб за единицу. |  | Основные позиции: | - Лампочки накаливания В15s/18, чертеж 799 — 799 шт, 115 руб | - Предохранитель ПВД 40А, чертеж 300 — 300 шт, 50 руб | - Лампочки накаливания 6V 21W BA15s, чертеж 100 — 100 шт, 100 руб | - Лампа Б230*35Вт, чертеж 462 — 462 шт, 20 руб | - Лампочки, чертеж 85 — 85 шт, 50 руб | - Лампочка HQ-T 400Вт Е40 — 30 шт, 100 руб |  | Продаем поштучно и лотом, на лот скидка. | Пришлем полный перечень с ценами и фото по запросу. | Самовывоз во Владивостоке или отправка транспортной компанией.	6 наименований, 1776 единиц, на 133 375 руб	склад Владивосток	да, общий план и крупные позиции
3	лот	Кингстоны судовая, склад Владивосток	10 000	Оборудование для бизнеса / Промышленное	Судовое оборудование со склада во Владивостоке: кингстоны. | Всего 4 наименований, 6 единиц. | Цены от 10 000 до 32 000 руб за единицу. |  | Основные позиции: | - Кингстон донный фланцевый Ду80 Ру2,5, чертеж 527-03.055 — 2 шт, 32 000 руб | - Сетка на фильтр Ду100 (медь) на кингстон РС-300 — 2 шт, 10 000 руб | - Кингстон донный фланцевый Ду50 Ру2,5, чертеж без чертежа — 1 шт, 17 500 руб | - Кингстон донный фланцевый Ду50 Ру2,5, чертеж 527-03.054 — 1 шт, 17 500 руб |  | Продаем поштучно и лотом, на лот скидка. | Пришлем полный перечень с ценами и фото по запросу. | Самовывоз во Владивостоке или отправка транспортной компанией.	4 наименований, 6 единиц, на 119 000 руб	склад Владивосток	да, общий план и крупные позиции
3	лот	Фильтры забортной воды судовая, склад Владивосток	3 000	Оборудование для бизнеса / Промышленное	Судовое оборудование со склада во Владивостоке: фильтры забортной воды. | Всего 3 наименований, 4 единиц. | Цены от 3 000 до 60 000 руб за единицу. |  | Основные позиции: | - Фильтр забортной воды Ду 50 — 1 шт, 60 000 руб | - Сетка на фильтр Ду100 или Ду80 — 2 шт, 10 000 руб | - Сетка на фильтр Ду20 маленькая — 1 шт, 3 000 руб |  | Продаем поштучно и лотом, на лот скидка. | Пришлем полный перечень с ценами и фото по запросу. | Самовывоз во Владивостоке или отправка транспортной компанией.	3 наименований, 4 единиц, на 83 000 руб	склад Владивосток	да, общий план и крупные позиции
3	лот	Фланцы, стаканы, гайки судовая, склад Владивосток	2 900	Оборудование для бизнеса / Промышленное	Судовое оборудование со склада во Владивостоке: фланцы, стаканы, гайки. | Всего 1 наименований, 2 единиц. | Цены от 2 900 до 2 900 руб за единицу. |  | Основные позиции: | - Гайка рабочего колеса для Насос НЦВ 40/20, чертеж 2 — 2 шт, 2 900 руб |  | Продаем поштучно и лотом, на лот скидка. | Пришлем полный перечень с ценами и фото по запросу. | Самовывоз во Владивостоке или отправка транспортной компанией.	1 наименований, 2 единиц, на 5 800 руб	склад Владивосток	да, общий план и крупные позиции
9	проверить	Регулятор РТНД-150 судовой	1 150 000	Оборудование для бизнеса / Промышленное	НЕ ПУБЛИКОВАТЬ, ПОКА НЕ ПРОВЕРЕНО НАЛИЧИЕ. Регулятор РТНД-150 В наличии 3 шт, Владивосток. Самовывоз или отправка транспортной компанией по России. Есть другое судовое оборудование, пришлем перечень.	Регулятор РТНД-150 — 3 шт	Склад 2	да
