Локация	Группа	Наименование	Чертеж	Кол-во по учету	Наличие	Цена за ед., руб	Сумма, руб	Состояние	Комплектность	Происхождение	Примечание	Сумма по наличию
Менеджерская	Клапан штуцерный проходной Ду6 Ру100	Клапан штуцерный проходной Ду 10 Ру40 (СУНДУК)	521-01.471-01	798	798	9000	7182000	не указано	комплект			7182000
Контейнер 2		Иллюминатор круглый в сборе Ф300мм створчатый		219	70	90000	6300000	не указано	комплект		не пересчитывали контейнер	6300000
Фойе	Клапан проходной штуцерный Ду32	Клинкет Ду 300			16	250000	4000000	не указано	комплект			4000000
Склад 2	Регулятор РТНД	Регулятор РТНД-150		0	3	1150000	3450000	не указано	комплект			3450000
Фойе		Светильник СС328 220V без амортизаторов (китай) 2-й приход		1857	1857	1533	2846781	не указано	не комплект	Китай		2846781
Склад 1А/1Б		Задвижка клинкетная Ду 250		17	17	150000	2550000	не указано	комплект			2550000
Гараж 1		Насос НЦВ 100/80		1	1	2000000	2000000	не указано	комплект			2000000
Фойе	Клапан проходной штуцерный Ду32	Фильтр забортной воды Ду200 Большой		1	8	250000	2000000	не указано	комплект			2000000
Склад 1А/1Б		Клапан фланцевый проходной Ду50 Ру 10 + ДУ 50 Ру 25		98	98	20000	1960000	не указано	комплект			1960000
Фойе	Клапан проходной штуцерный Ду32	Клинкет Ду 200		11	11	150000	1650000	не указано	комплект			1650000
Склад 3	Задвижка клинкетная(бронза)	Задвижка клинкетная Ду100		43	43	38000	1634000	не указано	комплект			1634000
Фойе	Насосы	Насос НЦВ 40/20		4	4	400000	1600000	не указано	комплект			1600000
Фойе		Светильник СС328 с амортизаторами (китай) 1-й приход		967	967	1600	1547200	не указано	комплект	Китай		1547200
Склад 3	Клапана фланцевые проходные	Клапан фланцевый проходной Ду50		66	66	22500	1485000	не указано	комплект			1485000
Фойе	Насосы	НЦВС 40/20		3	3	400000	1200000	не указано	комплект			1200000
Фойе	Насосы	НЦВ 100/20 двиг. 2ДМШН 160МА2 11кВт 2880об/м		2	2	550000	1100000	не указано	комплект			1100000
Фойе		Светильник СС328 127V без амортизаторов (китай) 2-й приход		715	715	1533	1096095	не указано	не комплект	Китай		1096095
Склад 1А/1Б		Задвижка клинкетная Ду 80 БРОНЗА		44	44	24000	1056000	не указано	комплект			1056000
Склад 3	Клапан штуцерный проходной	Клапан штуцерный проходной Ду 25 (Китай)		79	79	10000	790000	не указано	комплект	Китай		790000
Контейнер 2		Блокформы LBH немец.круглые (отверстие посредине)		71	71	11000	781000	не указано	комплект	Германия		781000
Склад 2	Барабан	Барабан СЦ-1,5 (новые)		5	5	156000	780000	новый	комплект			780000
Склад 2	Клапан педальный	Клапан педальный Ду25 Китай	М528-03.001	62	62	12500	775000	не указано	комплект	Китай		775000
Склад 3	Клапан штуцерный проходной	Клапан штуцерный проходной Ду 20		100	100	7500	750000	не указано	комплект			750000
Менеджерская	Клапан штуцерный угловой Ду6Ру100	Датчик ДТ-6		3	3	250000	750000	не указано	комплект			750000
Фойе	Клапан проходной штуцерный Ду32	Фильтр заборной воды ДУ 150			5	150000	750000	не указано	комплект			750000
Гараж 2		Дверь легкая 1750*650 левая без иллюминатора		23	23	30000	690000	не указано	не комплект			690000
Склад 3	Клапана фланцевые проходные	Клапан фланцевый проходной Ду65		25	25	27000	675000	не указано	комплект			675000
Склад 3	Коробка 2-х клапановая фланцевая	Коробка 2-х клапановая фланцевая Ду80		15	15	44000	660000	новый	комплект			660000
Склад 3	ЭЛЕКТРИКА	Автомат.выключ. АК 50 3МГ 10А	140	140	140	4682	655480	не указано	комплект			655480
Фойе		Сепаратор СЦ -3 с двигателем б/у			1	650000	650000	б/у	комплект			650000
Склад 1А/1Б		Крышка цилиндра 8НВД48А2У (голые)		8	8	80000	640000	не указано	комплект		в сборе	640000
Менеджерская	Клапан штуцерный проходной Ду6 Ру100	Клапан штуцерный проходной Ду 20 Ру 100	521-01.470-03	102	102	6000	612000	не указано	комплект			612000
Фойе		Сепаратор СЦ-1,5 в разборе б/у		2	2	300000	600000	б/у	не комплект			600000
Фойе		Сепаратор СЦ-3 в разборе (без станины) б/у		1	1	600000	600000	б/у	не комплект			600000
Склад 3	Задвижка клинкетная(бронза)	Задвижка клинкетная фланцевая Ду80 Ру6		18	18	32000	576000	не указано	комплект			576000
Склад 1А/1Б		Крышка цилиндра Пилстик (зеленая) на входе		1	1	550000	550000	не указано	комплект			550000
Гараж 2		иллюминатор б/у д. 300, 350		27	27	20000	540000	б/у	комплект			540000
Фойе	Насосы	НЦВ 40/80 двиг.АМ70-2 19кВт 2900об/м		1	1	510000	510000	не указано	комплект			510000
Контейнер 1		Насос НЦВ 40/20 ?		1	1	500000	500000	не указано	комплект			500000
Контейнер 2		Насос НЦВС 63/30 новый			1	500000	500000	новый	комплект			500000
Фойе	Насосы	Насос НЦВ 63/20 с двигателем 14кВт		1	1	500000	500000	не указано	комплект			500000
Фойе	Насосы	Насос НЦВС 63/20 с трубками		1	1	500000	500000	не указано	комплект			500000
Фойе	Насосы	НЦВ 63/20 или НЦВ 40/30 двиг. АМ52-2 8кВт 2850об/м		1	1	500000	500000	не указано	комплект			500000
Фойе	Насосы	НЦВ 63/20 двиг. ДМ32В2 7,5кВт 2900об/м		1	1	500000	500000	не указано	комплект			500000
Фойе	Насосы	НЦВ 25/80 или НЦВС 40/65 двиг.АМ62-2 14кВт 2850об/м		1	1	500000	500000	не указано	комплект			500000
Фойе	Клапан проходной штуцерный Ду32	Дверь легкая 1600*600			10	50000	500000	не указано	комплект			500000
Склад 3	ЭЛЕКТРИКА	РШВ2-41	83	83	83	5980	496340	не указано	комплект			496340
Контейнер 2		Блокформы LBH русск.овальные		45	45	11000	495000	не указано	комплект			495000
Гараж 2		Плита камбузная ПКЭ-300-ОМ4 3-220V; 25,2kw ;№672; 460кг; 11/91г		1	1	480000	480000	не указано	комплект		600 000,00 с комплектом посуды ; 480 000 р - без посуды	480000
Гараж 2		Плита камбузная ПКЭ-300-ОМ4 3-127V; 25,2kw ;№1108; 460кг; 04/92г		1	1	480000	480000	не указано	комплект		600 000,00 р с комплектом посуды ; 480 000 р - без посуды	480000
Склад 3	Коробка 3-х клапановая фланцевая невозврат.	Коробка 3-х клап.фланцевая невозврат.Ду80 Ру6	526-03.097	6	6	80000	480000	не указано	комплект			480000
Склад 3	ЭЛЕКТРИКА	Автомат.выключ. АК 50 2МГ 10А	115	115	115	4004	460460	не указано	комплект			460460
Гараж 2		Компрессор 2ОК1 синий		1	1	450000	450000	не указано	комплект			450000
Склад 1А/1Б		Клапан фланцевый проходной Ду200		3	3	150000	450000	не указано	комплект			450000
Склад 3	Задвижка клинкетная(бронза)	Задвижка клинкетная Ду65		16	16	27000	432000	не указано	комплект			432000
Менеджерская	Клапан штуцерный проходной Ду6 Ру100	Клапан штуцерный проходной Ду 20 Ру 40	522-01.501-02	72	72	6000	432000	не указано	комплект			432000
Склад 2	Клапан для манометра штущерный сальниковый	Клапан для манометра штущерный сальниковый Ду6Ру100 новый	521-02.013	95	95	4500	427500	новый	комплект			427500
Склад 3	Клапан штуцерный проходной	Клапан штущерный проходной Ду15		44	44	9500	418000	не указано	комплект			418000
Гараж 1		Коленвал 18/22		1	1	400000	400000	не указано	комплект			400000
Гараж 2		Весы для ЛБАШ ( похоже на вентиляцию )		4	4	100000	400000	не указано	комплект			400000
Фойе	Клапан проходной штуцерный Ду32	Фильтр забортной воды Ду 300			1	400000	400000	не указано	комплект			400000
Фойе	Клапан проходной штуцерный Ду32	Клинкет Ду 250		6	2	200000	400000	не указано	комплект			400000
Фойе	Клапан проходной штуцерный Ду32	Клинкет Ду 250 не комплект			2	200000	400000	не указано	не комплект			400000
Гараж 2		Дверь легкая 1750*650 левая с иллюминатором		13	13	30000	390000	не указано	комплект			390000
Фойе		Сепаратор СЦ-1,5 с двигателем б/у		2	1	380000	380000	б/у	комплект			380000
Менеджерская	Клапан штуцерный угловой Ду6Ру100	Клапан штуцерный угловой Ду32 Ру100	521-01.468-07	39	39	9600	374400	не указано	комплект			374400
Склад 2	Фильтр фланц.прох. забортной воды Ду80	Фильтр фланц.прох. забортной воды Ду100 Ру4	427-03-109-2	3	3	120000	360000	не указано	комплект			360000
Гараж 2		Дверь ВГН 1400*600 КИТАЙ правая		5	5	70000	350000	не указано	комплект	Китай		350000
Склад 2	Кран штуцерный спусковой самозапорный проходной	Кран штуцерный спусковой самозапорный проходной Ду20 Ру10	528-3М129	36	36	9000	324000	не указано	комплект			324000
Склад 3	Клапан фланцевый угловой (бронза)	Клапан фланцевый угловой Ду65 Ру10	521-03.195	12	12	27000	324000	не указано	комплект			324000
Фойе	Клапан проходной штуцерный Ду32	Клинкет Ду 350			1	300000	300000	не указано	комплект			300000
Склад 2	Клапан штуцерный угловой Ду10 Ру100	Клапан штуцерный угловой Ду32Ру100 (Яшик мет.)	521-01.468-07	31	31	9600	297600	не указано	комплект			297600
Склад 3	Клапан штуцерный проходной	Клапан штуцерный проходной Ду 10		83	83	3500	290500	не указано	комплект			290500
Склад 3	ЭЛЕКТРИКА	Водонагреватель ВЭС-300 ОМ5 220 V (щит управ+провода+термометр)	1	1	1	285000	285000	не указано	комплект			285000
Гараж 2		Дверь ВГН 1400*600 КИТАЙ левая		4	4	70000	280000	не указано	комплект	Китай		280000
Склад 3	ЭЛЕКТРИКА	Диски тормозные ТДП-6А Ф400	7	7	7	40000	280000	не указано	комплект			280000
Склад 3	Клапана фланцевые проходные	Клапан фланцевый проходной Ду125		6	6	46000	276000	не указано	комплект			276000
Склад 1А/1Б		Головка воздушно-квадрат.(поплавковая) Ду80 (541-03.218)		19	19	14000	266000	не указано	комплект			266000
Склад 1А/1Б		Грибки АМГ Ду 175 (541-03.316-03)		10	10	25000	250000	не указано	комплект			250000
Фойе		Плита камбузная ПКЭ-50 (разобранная) мастерская б/у		1	1	250000	250000	б/у	комплект		цена новой плиты	250000
Фойе		Плита камбузная ПКЭ-50 +щит+ограничитель (мастерская) б/у		1	1	250000	250000	б/у	комплект			250000
Фойе		Плита камбузная ПКЭ-50 б/у		1	1	250000	250000	б/у	комплект			250000
Склад 3	ЭЛЕКТРИКА	Автомат.выключ. АК 50 3МГ 16А	57	57	57	4347	247779	не указано	комплект			247779
Склад 3	Клапан фланцевый угловой (бронза)	Клапан фланцевый угловой Ду80	522-03.197	7	7	34000	238000	не указано	комплект			238000
Склад 3	ЭЛЕКТРИКА	Автомат.выключ. АК 50 3МГ 5А	57	57	57	4004	228228	не указано	комплект			228228
Склад 3	Задвижка клинкетная(бронза)	Задвижка клинкетная Ду100		6	6	38000	228000	не указано	комплект			228000
Склад 3	Клапана фланцевые проходные	Клапан фланцевый проходной Ду80		6	6	36000	216000	не указано	комплект			216000
Склад 2	Барабан	Барабан СЦ-1,5 б/у КОРПУС БАРАБАНА		3	3	70000	210000	б/у	комплект			210000
Склад 3	Клапана фланцевые проходные	Клапан фланцевый проходной Ду100 Ру10		5	5	42000	210000	не указано	комплект			210000
Гараж 2		Насос ЭСН-11А пост. 175/320В, 9,6/19,5кВт, 2400/3750 об/м		1	1	200000	200000	не указано	комплект			200000
Гараж 2		Ротор ?		1	1	200000	200000	не указано	комплект			200000
Склад 2	Барабан	Барабан СЦ-3 б/у КОРПУС БАРАБАНА		2	2	100000	200000	б/у	комплект			200000
Склад 3	ЭЛЕКТРИКА	Автомат.выключ. АК 50 3МГ 20А	42	42	42	4682	196644	не указано	комплект			196644
Склад 3	Задвижка клинкетная(бронза)	Задвижка клинкетная фланцевая Ду70 Ру6		7	7	27000	189000	не указано	комплект			189000
Склад 3	ЭЛЕКТРИКА	Автомат.выключ. ТИП А377 2БР 160А 380V	22	22	22	8500	187000	не указано	комплект			187000
Склад 3	Насосы	Насос ЭВН 5/5		1	1	184668	184668	не указано	комплект			184668
Склад 3	Клапан быстрозапор. фланц. проход. с тросиков. приводом	Клапан быстрозапор. фланц. проход. с тросиков. приводом Ду40Ру6,3	521-03.020	7	7	26000	182000	не указано	комплект			182000
Фойе		Светильник СС-410 б/у		10	10	18000	180000	б/у	комплект			180000
Склад 3	ЗИП	Уплотнение торц. 6АР 50Е	8	8	8	22000	176000	не указано	комплект			176000
Склад 3	Клапан быстрозапор. фланц. проход. с тросиков. приводом	Клапан быстрозапор. фланц. проход. с тросиков. приводом Ду65Ру6,3	521-03.022	5	5	35000	175000	не указано	комплект			175000
Склад 2	ЭЛЕКТРИКА	Контроллер КВ-00285(грузовая лебедка), б/у	1		1	170500	170500	б/у	комплект			170500
Склад 1А/1Б		Клапана невозвратный проходной фланцевый Ду100 Ру10 (522-03.205)		5	5	34000	170000	не указано	комплект			170000
Склад 3	Клапан фланцевый угловой (бронза)	Клапан фланцевый угловой Ду65 Ру10	522-35.4154-02	6	6	27000	162000	не указано	комплект			162000
Склад 3	Клапана фланцевые проходные	Клапан фланцевый проходной Ду150		2	2	80000	160000	не указано	комплект			160000
Склад 3	Клапан фланцевый угловой (бронза)	Клапан фланцевый угловой Ду50 Ру25	СВ/Т3197-95В25050	7	7	22500	157500	не указано	комплект			157500
Склад 1А/1Б		Клапан проходной фланцевый Ду40 - БРАК		13	13	12000	156000	не указано	брак			156000
Менеджерская	Клапан штуцерный угловой Ду6Ру100	КМ 2351-8Д	47	39	39	4000	156000	не указано	комплект			156000
Менеджерская	Клапан штуцерный угловой Ду6Ру100	Клапан штуцерный угловой Ду32 Ру160	521-03.480	16	16	9600	153600	не указано	комплект			153600
Фойе		Светильник СС328 (ок. стены)		76	76	2000	152000	не указано	комплект			152000
Склад 1А/1Б		Головка воздушно-квадрат.(поплавковая) Ду125 (без поплавка) (541-03.220)		6	6	25000	150000	не указано	не комплект			150000
Склад 2	Задвижка клинкетная фланцевая Ду200 Ру6	Задвижка клинкетная стальная Ду300	544-03.067	2	2	75000	150000	не указано	комплект			150000
Склад 3	Клапана фланцевые проходные	Клапан фланцевый проходной Ду70 Ру10	521-01.184	5	5	30000	150000	не указано	комплект			150000
Склад 1А/1Б		Клапан проходной фланцевый Ду50 - БРАК		8	8	18000	144000	не указано	брак			144000
Склад 3	Клапан фланцевый угловой (бронза)	Клапан фланцевый угловой Ду25	521-3М539	15	15	9600	144000	не указано	комплект			144000
Склад 2	ЭЛЕКТРИКА	Контроллер КВ1831 для шпиля Ш-3	1		1	140000	140000	не указано	комплект			140000
Склад 3	Коробка 2-х клапановая фланцевая	Коробка 2-х клапановая фланцевая Ду50		4	4	35000	140000	новый	комплект			140000
Склад 3	Клапана фланцевые проходные	Клапан фланцевый проходной Ду125 Ру10		3	3	46000	138000	не указано	комплект			138000
Менеджерская	Клапан штуцерный проходной Ду6 Ру100	Клапан штуцерный проходной Ду 20 Ру 40	521 3м 58	23	23	6000	138000	не указано	комплект			138000
Контейнер 2		Иллюминатор круглый в сборе Ф250мм		3	3	45000	135000	не указано	комплект			135000
Склад 3	ЭЛЕКТРИКА	Автомат.выключ. АК 50 3МГ 31,5А	31	31	31	4347	134757	не указано	комплект			134757
Склад 2	Клапан штуцерный угловой Ду10 Ру100	Клапан штуцерный угловой Ду32Ру100 (Яшик мет.)	521-01.464-07	14	14	9600	134400	не указано	комплект			134400
Менеджерская	Клапан штуцерный проходной Ду6 Ру100	Клапан штуцерный проходной Ду 20 Ру 100	521-01.498-03	21	21	6000	126000	не указано	комплект			126000
Склад 3	ЭЛЕКТРИКА	Автомат.выключ. ТИП А377 2БР 63А 380V	10	10	10	12295	122950	не указано	комплект			122950
Гараж 1		Дверь ВГН 1800х750 правая черт.262-01-002.26		1	1	120000	120000	не указано	комплект			120000
Гараж 1		Дверь ВГН 1600х750 правая		1	1	120000	120000	не указано	комплект			120000
Склад 2	Захлопки	Захлопка фланцевая горизон. Ду100 Ру10	529-03.074	3	3	40000	120000	не указано	комплект			120000
Склад 2	Клапана быстрозапорн.фланцевые проходные	Клапан быстрозапор. фланц.проход.с тросиков.приводом Ду70 Ру6,3	БЕЗ ЧЕРТЕЖА	3	3	40000	120000	не указано	комплект			120000
Склад 3	Клапана фланцевые проходные	Клапан фланцевый проходной Ду200 Ру6	522-03.184	1	1	120000	120000	не указано	комплект			120000
Склад 3	Коробка 2-х клапановая фланцевая	Коробка 2-х клапановая фланцевая Ду80	526-03.163	2	2	60000	120000	новый	комплект			120000
Фойе	Клапан проходной штуцерный Ду32	Фильтр забортной воды Ду 100			1	120000	120000	не указано	комплект			120000
Гараж 1		Трансформатор ОСЗ-10/0,5 10кВт 50Hz		2	2	57445	114890	не указано	комплект			114890
Склад 3	Клапана фланцевые проходные	Клапан фланцевый проходной Ду50 Ру25	521-01.128	5	5	22500	112500	не указано	комплект			112500
Склад 2	ЭЛЕКТРИКА	Контроллер КВ-00287(грузовая лебедка), б/у	1		1	112000	112000	б/у	комплект			112000
Менеджерская	Клапан штуцерный проходной Ду6 Ру100	Клапан для манометра штуцерный сальниковый	521-34.3404-03	18	18	6000	108000	не указано	комплект			108000
Фойе		Светильник СС373 в сборе		21	21	5000	105000	не указано	комплект			105000
Склад 3	ЭЛЕКТРИКА	Коробка соединительная Т9-4М	51	51	51	1980	100980	не указано	комплект			100980
Склад 3	ЭЛЕКТРИКА	Автомат.выключ. АК 25 2МГ 10А	25	25	25	4004	100100	не указано	комплект			100100
Гараж 1		Пульт 1-маленький 1-большой		2	2	50000	100000	не указано	комплект			100000
Гараж 1		Дверь ВГН 1400*600 КИТАЙ правая		2	2	50000	100000	не указано	комплект	Китай		100000
Гараж 2		Насос		2	2	50000	100000	не указано	комплект			100000
Склад 2	Барабан	Барабан СЦ-1,5 б/у ( в сборе)		1	1	100000	100000	б/у	комплект			100000
Склад 2	Насосы	Насос пресновод.д/осушения танков 4390/4-588-001		1	1	100000	100000	новый	комплект			100000
Склад 2	ЭЛЕКТРИКА	Контроллер (грузовая лебедка) большая б/у	1		1	100000	100000	б/у	комплект			100000
Склад 3	Колонка указательная с плоским рифленым стеклом	Колонка указательная с плоским рифленым стеклом Ду10Ру10	598-03.083-01	16	16	6000	96000	не указано	комплект			96000
Менеджерская	Клапан штуцерный проходной Ду6 Ру100	Клапан штуцерный проходной Ду 20 Ру 100	522-01.498-02	16	16	6000	96000	не указано	комплект			96000
Склад 3	ЭЛЕКТРИКА	Лампочки накаливания В15s/18	799	799	799	115	91885	не указано	комплект			91885
Контейнер 2		Иллюминатор круглый без колец Ф300мм		2	2	45000	90000	не указано	не комплект			90000
Склад 2	Клапана быстрозапорн.фланцевые проходные	Клапан быстрозапор. фланц.проход.с тросиков.приводом Ду80 Ру6,3	521-03.023	2	2	45000	90000	не указано	комплект			90000
Склад 3	Клапан штуцерный угловой	Клапан штуцерный угловой Ду15		10	10	9000	90000	не указано	комплект			90000
Менеджерская	Клапан штуцерный угловой Ду6Ру100	Клапан штуцерный угловой Ду15 Ру100	521-01.468-05	15	15	6000	90000	не указано	комплект			90000
Склад 3	Коробка 2-х клапановая фланцевая	Коробка 2-х клапановая фланцевая Ду80		2	2	44000	88000	новый	комплект			88000
Менеджерская	Клапан штуцерный угловой Ду6Ру100	КПМ-121 ОМ	4	4	4	21750	87000	не указано	комплект			87000
Склад 3	Клапана фланцевые проходные	Клапан фланцевый проходной ДУ32 Ру25	521-01.180	6	6	14000	84000	не указано	комплект			84000
Склад 3	Клапан фланцевый угловой (бронза)	Клапан фланцевый угловой Ду65 Ру10	522-35.4201	3	3	27000	81000	не указано	комплект			81000
Контейнер 1		Светильник импортный		80	80	1000	80000	не указано	комплект			80000
Склад 3	Клапана фланцевые проходные	Клапан фланцевый проходной ДУ20 Ру25	521-3М.324	8	8	10000	80000	не указано	комплект			80000
Склад 3	Клапан фланцевый угловой (бронза)	Клапан фланцевый угловой Ду150 Ру10		1	1	80000	80000	не указано	комплект			80000
Склад 3	Клапан фланцевый угловой (бронза)	Клапан фланцевый угловой Ду150 Ру10	521-01.207	1	1	80000	80000	не указано	комплект			80000
Менеджерская	Клапан штуцерный проходной Ду6 Ру100	Клапан штуцерный проходной Ду 20 Ру 100	521-01.470-02	13	13	6000	78000	не указано	комплект			78000
Склад 3	ЭЛЕКТРИКА	Резинки для СС328	405	405	405	190	76950	не указано	комплект			76950
Склад 3	Клапан штуцерный угловой	Клапан штуцерный угловой Ду32		8	8	9600	76800	не указано	комплект			76800
Менеджерская	Клапан штуцерный угловой Ду6Ру100	Клапан штуцерный угловой Ду32 Ру160	522-03.151-01	8	8	9600	76800	не указано	комплект			76800
Фойе		Светильник СС328 без амортизаторов (китай) 1-й приход		50	50	1533	76650	не указано	не комплект	Китай		76650
Гараж 1		Крышка ВГН 800*800 (Проницаемая)		1	1	75000	75000	не указано	комплект			75000
Склад 2	Клапан фланцевый проходной	Клапан фланцевый проходной Ду125 ок.входа	521-35.3455-02	2	2	37500	75000	не указано	комплект			75000
Менеджерская	Клапан штуцерный угловой Ду6Ру100	Клапан Пожарный фланцевый угловой Ду50 Ру16	595-03.011	3	3	25000	75000	не указано	комплект			75000
Менеджерская	Клапан штуцерный угловой Ду6Ру100	КМ 2311-9	15	20	20	3700	74000	не указано	комплект			74000
Гараж 1		Двери АМГ 1400*600 с иллюминат. б/у правая		1	1	70000	70000	б/у	комплект			70000
Склад 1А/1Б		Задвижка клинкетная Ду 100 БРОНЗА		2	2	35000	70000	не указано	комплект			70000
Склад 3	ЗИП	Поплавок НЦВС 40/20	20	20	20	3500	70000	не указано	комплект			70000
Менеджерская	Клапан штуцерный угловой Ду6Ру100	КМ 2351-9	8	17	17	4000	68000	не указано	комплект			68000
Менеджерская	Клапан штуцерный проходной Ду6 Ру100	Клапан штуцерный проходной Ду 20 Ру 40	521-01474-03	11	11	6000	66000	не указано	комплект			66000
Менеджерская	Клапан штуцерный проходной Ду6 Ру100	Клапан штуцерный проходной Ду 20 Ру 40	521 3м 623	11	11	6000	66000	не указано	комплект			66000
Гараж 1		Дверь ВГН 1300*500 правая		1	1	65000	65000	не указано	комплект			65000
Склад 3	Кингстон	Кингстон донный фланцевый Ду80 Ру2,5	527-03.055	2	2	32000	64000	не указано	комплект			64000
Склад 3	ЭЛЕКТРИКА	Автомат.выключ. АК 50 2МГ 5А	19	19	19	3361	63859	не указано	комплект			63859
Склад 3	ЭЛЕКТРИКА	Автомат.выключ. АК 50 2МГ 1А	16	16	16	3942	63072	не указано	комплект			63072
Склад 2	Кран трехходовой штуцерный	Кран трехходовой штуцерный Ду20 Ру16	536-35.695	7	7	9000	63000	не указано	комплект			63000
Контейнер 1		Пускатели разные на полке		6	6	10000	60000	не указано	комплект			60000
Склад 1А/1Б		Клапан проходной фланцевый Ду32 - БРАК		6	6	10000	60000	не указано	брак			60000
Склад 3	Клапана фланцевые проходные	Клапан фланцевый проходной Ду70 Ру10	522-01.226	2	2	30000	60000	не указано	комплект			60000
Менеджерская	Клапан штуцерный угловой Ду6Ру100	Клапан штуцерный угловой Ду25 Ру100	521-01.468-06	8	8	7500	60000	не указано	комплект			60000
Фойе	Клапан проходной штуцерный Ду32	Фильтр забортной воды Ду 50			1	60000	60000	не указано	комплект			60000
Фойе	Клапан проходной штуцерный Ду32	Клинкет Ду 100, сталь		59	2	30000	60000	не указано	комплект			60000
Контейнер 1		Симметр 127/220В		1	1	59800	59800	не указано	комплект			59800
Склад 3	ЭЛЕКТРИКА	СЯ10-2-0 ящик соединительный	8	8	8	6900	55200	не указано	комплект			55200
Склад 3	ЗИП	Поршень 6ЧН25/34	1	1	1	55000	55000	не указано	комплект			55000
Склад 1А/1Б		Клапан угловой фланцевый Ду 40 - БРАК		3	3	18000	54000	не указано	брак			54000
Склад 1А/1Б		Грибки АМГ Ду 150 (верхние) (541-03.315-02)		3	3	18000	54000	не указано	комплект			54000
Склад 2	Клапан штуцерный проходной	Клапан штуцерный проходной Ду 10 Ру40	521-01.471-01	18	18	3000	54000	не указано	комплект			54000
Менеджерская	Клапан штуцерный проходной Ду6 Ру100	Клапан штуцерный проходной Ду 20 Ру 100	522-01500-05	9	9	6000	54000	не указано	комплект			54000
Склад 3	ЭЛЕКТРИКА	Диски тормозные 225мм	11	11	11	4890	53790	не указано	комплект			53790
Склад 1А/1Б		Захлопка Ду50Ру6 - БРАК		3	3	17500	52500	не указано	брак			52500
Гараж 1		Крышка ВГН 450*600 (задрайка) РОССИЯ б/у		1	1	50000	50000	б/у	комплект	Россия		50000
Гараж 1		Дверь ВГН 1400*600 КИТАЙ левая		1	1	50000	50000	не указано	комплект	Китай		50000
Гараж 2		Электропривод к задвижке		1	1	50000	50000	не указано	комплект			50000
Контейнер 2		Иллюминатор квадратный 400*600		1	1	50000	50000	не указано	комплект			50000
Контейнер 2		Иллюминатор створч. Ф300мм КИТАЙ		1	1	50000	50000	не указано	комплект	Китай		50000
Менеджерская	Клапан штуцерный угловой Ду6Ру100	Клапан Пожарный фланцевый угловой Ду50 Ру16	без чертежа	2	2	25000	50000	не указано	комплект			50000
Склад 1А/1Б		Задвижка клинкетная Ду80 ( в разборе)		2	2	24000	48000	не указано	не комплект			48000
Склад 3	ЭЛЕКТРИКА	Воздухораспределитель поворотный 542 77 1 105	6	6	6	7540	45240	не указано	комплект			45240
Склад 1А/1Б		Клапан невозвратно-приемный фланцевый Ду 50 Ру1 (522-35.4043-01)		6	6	7500	45000	не указано	комплект			45000
Склад 3	Клапан штуцерный угловой	Клапан штуцерный угловой Ду25		6	6	7500	45000	не указано	комплект			45000
Менеджерская	Клапан штуцерный угловой Ду6Ру100	Клапан Пожарный фланцевый проходной Ду50 Ру16	595-01.002	2	2	22500	45000	не указано	комплект			45000
Менеджерская	Клапан штуцерный проходной Ду6 Ру100	Клапан штуцерный проходной Ду 20 Ру 100	521-01464-03	7	7	6000	42000	не указано	комплект			42000
Менеджерская	Клапан штуцерный угловой Ду6Ру100	Клапан штуцерный угловой Ду15Ру100	521-01.468	7	7	6000	42000	не указано	комплект			42000
Склад 3	ЭЛЕКТРИКА	РШ2-41	57	57	57	730	41610	не указано	комплект			41610
Склад 3	ЭЛЕКТРИКА	КВП Коробка соединительная КВП4-1,5 10А 380А	30	30	30	1380	41400	не указано	комплект			41400
Склад 1А/1Б		Грибки Ду200 (б/у) (541-03.313-04)		2	2	20000	40000	б/у	комплект			40000
Склад 1А/1Б		Грибки АМГ Ду 200 с нижнем приводом (541-03.313-04)		2	2	20000	40000	не указано	комплект			40000
Склад 2	Захлопки	Захлопка фланцевая проходная Ду100Ру6,3	529-35.1406-01	1	1	40000	40000	не указано	комплект			40000
Склад 2	Захлопки	Захлопка фланцевая вертикальная Ду100	529-03.003	1	1	40000	40000	не указано	комплект			40000
Склад 2	Захлопки	Захлопка фланцевая угловая Ду100Ру10	529-35-1405-01	1	1	40000	40000	не указано	комплект			40000
Склад 2	Клапан угловой с присоединением под дюрит	Клапан угловой с присоединением под дюрит Ду50Ру4	521-03.445-04	4	4	10000	40000	не указано	комплект			40000
Склад 3	ЭЛЕКТРИКА	Автомат.выключ. ТИП А37 92БР 2100А 380V	2	2	2	20000	40000	не указано	комплект			40000
Склад 3	ЗИП	Насос ТНВД с регулятором АК-7 327-20-1Н/ АК-7 315-619-2Н	1	1	1	40000	40000	не указано	комплект			40000
Менеджерская	Клапан штуцерный проходной Ду6 Ру100	Клапан штуцерный проходной Ду 32 Ру 40	521.3м.660	3	3	12500	37500	не указано	комплект			37500
Склад 3	ЭЛЕКТРИКА	Автомат.выключ. АК 50 3МГ 2А	8	8	8	4682	37456	не указано	комплект			37456
Склад 1А/1Б		Клапан проходной ДУ 125 корпус		1	1	37000	37000	не указано	комплект			37000
Склад 3	ЭЛЕКТРИКА	Автомат.выключ. ТИП А377 6БР 160А 380V	3	3	3	12295	36885	не указано	комплект			36885
Склад 3	ЭЛЕКТРИКА	Автомат.выключ. АК 25 2МГ 5А	9	9	9	4004	36036	не указано	комплект			36036
Склад 3	ЭЛЕКТРИКА	Автомат.выключ. АК 25 2МГ 6А	9	9	9	4004	36036	не указано	комплект			36036
Склад 1А/1Б		Головка воздушно-квадрат.(поплавковая) Ду25 (541-03.232)		8	8	4500	36000	не указано	комплект			36000
Склад 2	Клапан фланцевый угловой	Клапан фланцевый угловой Ду40 Ру25 сталь ок.входа	522-35.445-19	2	2	18000	36000	не указано	комплект			36000
Склад 2	Клапан штуцерный угловой Ду10 Ру100	Клапан штуцерный угловой Ду15 Ру160	521-03.387	4	4	9000	36000	не указано	комплект			36000
Склад 2	Клапан для колонки указательной	Клапан для колонки указательной Ду10 Ру16	598-03.022-06	6	6	6000	36000	не указано	комплект			36000
Склад 3	ЭЛЕКТРИКА	Светильник СС-410(новые) большие	2	2	2	18000	36000	новый	комплект			36000
Менеджерская	Клапан штуцерный угловой Ду6Ру100	Клапан штуцерный угловой Ду15Ру100	521-01.464-01	6	6	6000	36000	не указано	комплект			36000
Фойе	Клапан фланцевый проходной	Клапан проходной фланцевый сталь			2	18000	36000	не указано	комплект			36000
Склад 1А/1Б		Задвижка клинкетная Ду100 без штока и блинов ( в разборе)		1	1	35000	35000	новый	не комплект			35000
Склад 2	Клапана быстрозапорн.фланцевые проходные	Клапан быстрозапор. фланц.проход.с тросиков.приводом Ду65 Ру6,3	521-03-022	1	1	35000	35000	не указано	комплект			35000
Склад 1А/1Б		Грибки АМГ Ду 150 (нижние) (541-03.316-02)		2	2	17000	34000	не указано	комплект			34000
Склад 3	ЭЛЕКТРИКА	Автомат.выключ. АК 50 2МГ 50А	10	10	10	3361	33610	не указано	комплект			33610
Склад 3	ЭЛЕКТРИКА	Автомат.выключ. АК 25 2МГ 3,2А	8	8	8	4004	32032	не указано	комплект			32032
Склад 3	ЭЛЕКТРИКА	Автомат.выключ. АК 25 2МГ 16А	8	8	8	4004	32032	не указано	комплект			32032
Склад 1А/1Б		Клапан фланцевый проходной Ду 80 Ру 10, 521 -35.3451		1	1	32000	32000	не указано	комплект			32000
Склад 2	Клапан штуцерный угловой Ду10 Ру100	Клапан штуцерный угловой Рр150/10	521-ц22п	8	8	4000	32000	не указано	комплект			32000
Склад 2	Клапан штуцерный проходной	Клапан штуцерный проходной Ду 10 Ру100	521-01.469-03	7	7	4500	31500	не указано	комплект			31500
Склад 2	ЭЛЕКТРИКА	Светильник СС-328 решетка	38		38	800	30400	не указано	комплект			30400
Контейнер 1		Пускатели большие под полкой		2	2	15000	30000	не указано	комплект			30000
Склад 1А/1Б		Скобы разные ( 1 большая+ 2 маленькие )		3	3	10000	30000	не указано	комплект			30000
Склад 1А/1Б		Клапан фланцевый проходной Ду50 Ру 40 сталь (522-01-322)		2	2	15000	30000	не указано	комплект			30000
Склад 1А/1Б		Клапан фланцевый проходной Ду 125 (без чертежа)		1	1	30000	30000	не указано	не комплект			30000
Склад 2	Кран штуцерный спусковой самозапорный проходной	Кран штуцерный спусковой самозапорный проходной Ду15 Ру25		4	4	7500	30000	не указано	комплект			30000
Склад 3	ЭЛЕКТРИКА	Звонок ЗПВ 220В	4	4	4	7500	30000	не указано	комплект			30000
Склад 3	ЗИП	Сальниковая обойма нижняя часть НЦВС 63/20	2	2	2	15000	30000	не указано	комплект			30000
Склад 3	ЗИП	Корпус выхлопного клапана	1	1	1	30000	30000	не указано	комплект			30000
Склад 3	ЗИП	Клапан выхлопной	5	5	5	6000	30000	не указано	комплект			30000
Менеджерская	Клапан штуцерный проходной Ду6 Ру100	Клапан штуцерный проходной Ду 20 Ру10	Без чертежа	5	5	6000	30000	не указано	комплект			30000
Склад 3	ЭЛЕКТРИКА	Светильник СС-373 в сборе	6	6	6	4950	29700	не указано	комплект			29700
Склад 3	ЭЛЕКТРИКА	Прожектор ГО-400 220-240В 50Гц	5	5	5	5914	29570	не указано	комплект			29570
Склад 2	Кран трехходовой штуцерный	Кран трехходовой штуцерный Ду32 Ру10	536-35.696	2	2	14400	28800	не указано	комплект			28800
Склад 1А/1Б		Противовес 3,2т (Россия)		1	1	28600	28600	не указано	комплект	Россия		28600
Склад 1А/1Б		Противовес 3,2т (Корея)		1	1	28600	28600	не указано	комплект	Корея		28600
Склад 3	ЭЛЕКТРИКА	Реле-регулятор РРТ-32	1	1	1	28500	28500	не указано	комплект			28500
Склад 3	Клапана фланцевые проходные	Клапан фланцевый проходной ДУ32 Ру25	УН522-3М38	2	2	14000	28000	не указано	комплект			28000
Склад 2	Кательная арматура	Клапан Ду20/10	581-С6.73	3	3	9000	27000	не указано	комплект			27000
Склад 3	Клапана фланцевые проходные	Клапан фланцевый проходной Ду65 Ру10	521-03.488	1	1	27000	27000	не указано	комплект			27000
Фойе		Светильник СС-839 (дно)		54	54	500	27000	не указано	комплект			27000
Контейнер 1		Стекло к светильникам СС-328(прозр.)		53	53	500	26500	не указано	комплект			26500
Склад 3	ЭЛЕКТРИКА	Автомат.выключ. АК 50 2МГ 16А	8	8	8	3306	26448	не указано	комплект			26448
Менеджерская	Клапан штуцерный проходной Ду6 Ру100	Клапан штуцерный проходной Ду 20	536-3м 5	4	4	6500	26000	не указано	комплект			26000
Склад 1А/1Б		Клапан фланцевый проходной невозвратный Ду 50 РУ 25 (522-01.164)		1	1	25000	25000	не указано	комплект			25000
Склад 1А/1Б		Задвижка клинкетная Ду 50, без клиньев		1	1	25000	25000	не указано	не комплект			25000
Склад 2	Захлопки	Захлопка фланцевая вертикальная Ду50Ру63	529-35.1400-01	1	1	25000	25000	не указано	комплект			25000
Склад 2	Захлопки	Захлопка фланцевая горизонтальная Ду50	529-03.011	1	1	25000	25000	не указано	комплект			25000
Склад 2	Эжектор	Эжектор ВЭЖ 6,3		1	1	25000	25000	не указано	комплект			25000
Склад 3	ЭЛЕКТРИКА	Стекло с обогревом 560*800 б/у	1	1	1	25000	25000	б/у	комплект			25000
Менеджерская	Клапан штуцерный угловой Ду6Ру100	Клапан Пожарный фланцевый угловой Ду50 Ру16	595-03.008	1	1	25000	25000	не указано	комплект			25000
Склад 3	ЭЛЕКТРИКА	Автомат.выключ. АК 50 3МГ 4А	22	22	22	1121	24662	не указано	комплект			24662
Склад 3	ЭЛЕКТРИКА	Автомат.выключ. ТИП А377 6БР 100А 380V	2	2	2	12295	24590	не указано	комплект			24590
Склад 3	ЭЛЕКТРИКА	Автомат.выключ. АК 25 2МГ 25А	6	6	6	4004	24024	не указано	комплект			24024
Склад 2	Клапан запорный штуцерный проходной	Клапан запорный штуцерный проходной Ду10 Ру16	521-35.2754	6	6	4000	24000	не указано	комплект			24000
Склад 2	Клапан штуцерный угловой	Клапан штуцерный угловой Ду10 Р160	522-03,149	6	6	4000	24000	не указано	комплект			24000
Менеджерская	Клапан штуцерный проходной Ду6 Ру100	Клапан штуцерный проходной Ду 20 Ру 40	Без чертежа	4	4	6000	24000	не указано	комплект			24000
Менеджерская	Клапан штуцерный угловой Ду6Ру100	Клапан штуцерный угловой Ду15 Ру160	525-03.011	4	4	6000	24000	не указано	комплект			24000
Менеджерская	Клапан штуцерный угловой Ду6Ру100	КМ2312-18	0	6	6	4000	24000	не указано	комплект			24000
Склад 1А/1Б		Клапан фланцевый проходной Ду80 Ру 40 сталь (521-35.3437)		1	1	22000	22000	не указано	комплект			22000
Склад 1А/1Б		Клапан фланцевый проходной Ду80 Ру 40 сталь (522-01.101)		1	1	22000	22000	не указано	комплект			22000
Склад 1А/1Б		Задвижка клинкетная ДУ 80, сталь		1	1	22000	22000	не указано	комплект			22000
Склад 3	ЭЛЕКТРИКА	Автомат.выключ. АК 50 3МГ 40А	10	10	10	2116	21160	не указано	комплект			21160
Склад 2	Клапан штуцерный угловой Ду10 Ру100	Клапан штуцерный угловой Ду10 Ру100	521-01.465-01	1	1	20200	20200	не указано	комплект			20200
Склад 3	ЭЛЕКТРИКА	Автомат.выключ. АК 25 2МГ 12,5А	5	5	5	4004	20020	не указано	комплект			20020
Склад 3	ЭЛЕКТРИКА	Автомат.выключ. АК 50 3МГ 25А	5	5	5	4004	20020	не указано	комплект			20020
Контейнер 2		Крышка иллюминатора со стеклом Ф300мм броняшка		2	2	10000	20000	не указано	комплект			20000
Склад 1А/1Б		Коробка 2-х клапанная корпус		1	1	20000	20000	не указано	комплект			20000
Склад 1А/1Б		Грибки Ду125 б-у		1	1	20000	20000	б/у	комплект			20000
Склад 2	Клапан штуцерный проходной невозвратный	Клапан штуцерный проходной невозвратный Ду10Ру100	522-01-493	5	5	4000	20000	не указано	комплект			20000
Склад 2	Прочее	Сетка на фильтр Ду100 или Ду80		2	2	10000	20000	не указано	комплект			20000
Склад 2	Прочее	Сетка на фильтр Ду100 (медь) на кингстон РС-300		2	2	10000	20000	не указано	комплект			20000
Склад 3	ЭЛЕКТРИКА	Диски тормозные 185мм	2	2	2	10000	20000	не указано	комплект			20000
Менеджерская		Судовая запорная арматура		2	2	10000	20000	не указано	комплект			20000
Склад 3	ЗИП	Колесо рабочее для Насос НЦВ 40/20	1	1	1	19800	19800	не указано	комплект			19800
Склад 1А/1Б		Клапан невозвратно-приемный фланцевый Ду 65 Ру1 (522-03.023)		2	2	9750	19500	не указано	комплект			19500
Менеджерская	Клапан штуцерный угловой Ду6Ру100	Клапан штуцерный угловой Ду32 Ру100	521-01.464-07	2	2	9600	19200	не указано	комплект			19200
Склад 3	ЗИП	Клапан компресс. ЭКП 70/25	4	4	4	4600	18400	не указано	комплект			18400
Контейнер 1		Прожектор большой		1	1	18000	18000	не указано	комплект			18000
Склад 1А/1Б		Задвижка клинкетная Ду60		1	1	18000	18000	не указано	комплект			18000
Склад 1А/1Б		Клапан проходной фланцевый Ду65 КОРПУС - БРАК		1	1	18000	18000	не указано	брак			18000
Склад 3	Задвижка клинкетная(бронза)	Задвижка клинкетная Ду60		1	1	18000	18000	не указано	комплект			18000
Склад 3	Клапан фланцевый угловой (бронза)	Клапан фланцевый угловой Ду40 Ру25	521-01.200	1	1	18000	18000	не указано	комплект			18000
Склад 3	ЭЛЕКТРИКА	Светильник СС-411 мал. (не понятный)	1	1	1	18000	18000	не указано	комплект			18000
Менеджерская	Клапан штуцерный проходной Ду6 Ру100	Клапан штуцерный проходной Ду 20 Ру 40	522 3м 13	3	3	6000	18000	не указано	комплект			18000
Менеджерская	Клапан штуцерный проходной Ду6 Ру100	Клапан штуцерный проходной Ду 20 Ру 100	521-01464-02	3	3	6000	18000	не указано	комплект			18000
Менеджерская	Клапан штуцерный угловой Ду6Ру100	Клапан штуцерный угловой Ду15Ру100	522-01.500-04	3	3	6000	18000	не указано	комплект			18000
Менеджерская	Клапан штуцерный угловой Ду6Ру100	Клапан штуцерный угловой Ду15 Ру100	522-01.500-05	3	3	6000	18000	не указано	комплект			18000
Менеджерская	Клапан штуцерный угловой Ду6Ру100	Клапан штуцерный угловой Ду15 Ру100	522-01.500-04	3	3	6000	18000	не указано	комплект			18000
Склад 3	ЭЛЕКТРИКА	Светильник взрывобезопасный НПП25-100	2	2	2	8890	17780	не указано	комплект			17780
Склад 3	Кингстон	Кингстон донный фланцевый Ду50 Ру2,5	без чертежа	1	1	17500	17500	не указано	комплект			17500
Склад 3	Кингстон	Кингстон донный фланцевый Ду50 Ру2,5	527-03.054	1	1	17500	17500	не указано	комплект			17500
Склад 3	ЭЛЕКТРИКА	Светильник ДНЮИ 676 252 006	7	7	7	2500	17500	не указано	комплект			17500
Склад 3	ЭЛЕКТРИКА	Автомат.выключ. АК 50 2МГ 6,3А	4	4	4	4312	17248	не указано	комплект			17248
Склад 3	ЭЛЕКТРИКА	Автомат.выключ. АК 50 2МГ 40А	4	4	4	4312	17248	не указано	комплект			17248
Склад 3	ЭЛЕКТРИКА	Автомат.выключ. АК 25 2МГ 20А	4	4	4	4004	16016	не указано	комплект			16016
Склад 2	ЭЛЕКТРИКА	Светильник СС328 (Эра комсом-на-амуре)	4		4	4000	16000	не указано	комплект			16000
Склад 3	Клапан фланцевый угловой (бронза)	Клапан фланцевый угловой Ду40 Ру10	522-03.202	1	1	16000	16000	не указано	комплект			16000
Менеджерская	Клапан штуцерный угловой Ду6Ру100	КМ 2211-9	6	4	4	4000	16000	не указано	комплект			16000
Склад 3	ЭЛЕКТРИКА	Реле давления РНД-1	2	2	2	7980	15960	не указано	комплект			15960
Склад 3	ЭЛЕКТРИКА	Реле уровня РОС-400	1	1	1	15893	15893	не указано	комплект			15893
Склад 3	ЭЛЕКТРИКА	Автомат.выключ. АК 50 2МГ 31,5А	4	4	4	3942	15768	не указано	комплект			15768
Склад 2	ЭЛЕКТРИКА	Светильник СС328 (китай)	10		10	1533	15330	не указано	комплект	Китай		15330
Склад 1А/1Б		Головка воздушно-квадрат.(поплавковая) Ду32 (541-03.224; 541-03.233)		3	3	5000	15000	не указано	комплект			15000
Склад 2	Клапан штуцерный угловой Ду10 Ру100	Клапан штуцерный угловой Ду20 Ру100	521-01.468-05	5	5	3000	15000	не указано	комплект			15000
Склад 3	ЭЛЕКТРИКА	Предохранитель ПВД 40А	300	300	300	50	15000	не указано	комплект			15000
Склад 3	ЭЛЕКТРИКА	Светильник ВЗГ-100	2	2	2	7500	15000	не указано	комплект			15000
Менеджерская	Клапан штуцерный угловой Ду6Ру100	Клапан штуцерный угловой Ду25 Ру100	521-01.464-05	2	2	7500	15000	не указано	комплект			15000
Склад 3	ЭЛЕКТРИКА	РШП-3 380В 35А (розетка)	10	10	10	1487	14870	не указано	комплект			14870
Склад 3	ЭЛЕКТРИКА	Реле температуры ТАМ-102-1-07-2-2	2	2	2	7200	14400	не указано	комплект			14400
Склад 3	ЭЛЕКТРИКА	МКУ 1-0-3кг/см	4	4	4	3490	13960	не указано	комплект			13960
Менеджерская	Клапан штуцерный угловой Ду6Ру100	Клапан штуцерный угловой Ду20 Ру160	521-03.479	3	3	4500	13500	не указано	комплект			13500
Склад 3	ЭЛЕКТРИКА	Автомат.выключ. АК 50 2МГ 12А	4	4	4	3306	13224	не указано	комплект			13224
Склад 2	ЭЛЕКТРИКА	Светильник СС373 (решетка)	8		8	1632	13056	не указано	комплект			13056
Менеджерская	Клапан штуцерный проходной Ду6 Ру100	Клапан штуцерный проходной Ду 15 Ру 40	521. 3м.666	2	2	6500	13000	не указано	комплект			13000
Менеджерская	Клапан штуцерный проходной Ду6 Ру100	Клапан штуцерный проходной Ду 15 Ру 100	522-01.498	2	2	6500	13000	не указано	комплект			13000
Менеджерская	Клапан штуцерный угловой Ду6Ру100	Клапан Пожарный фланцевый угловой Ду32	595-03.006	1	1	12800	12800	не указано	комплект			12800
Склад 2	Клапан педальный	Клапан педальный Ду25	М528-03.001	1	1	12500	12500	не указано	комплект			12500
Склад 3	ЭЛЕКТРИКА	Кнопка КУ-741	1	1	1	12500	12500	не указано	комплект			12500
Склад 3	ЭЛЕКТРИКА	Автомат.выключ. АК 25 2МГ 8А	3	3	3	4004	12012	не указано	комплект			12012
Склад 2	Клапан штуцерный проходной Ду 10 Ру100	Клапан штуцерный проходной Ду 10 Ру400	521-03.420	2	2	6000	12000	не указано	комплект			12000
Склад 2	Клапан для манометра штуцерный сальниковый Ду6Ру100	Клапан для манометра штущерный Ду3Ру400 новый	521-03.406	2	2	6000	12000	новый	комплект			12000
Склад 2	Кран двухходовой штуцерный	Кран двухходовой штуцерный Ду20 Ру16	536-3М5	3	3	4000	12000	не указано	комплект			12000
Склад 3	Клапана фланцевые проходные	Клапан фланцевый проходной ДУ25 ???	с камчатки	1	1	12000	12000	не указано	комплект			12000
Склад 3	ЭЛЕКТРИКА	Автомат.выключ. АК 50 2МГ 3А	4	4	4	3000	12000	не указано	комплект			12000
Менеджерская	Клапан штуцерный проходной Ду6 Ру100	Клапан штуцерный проходной Ду 20 Ру 40	521 3м 726	2	2	6000	12000	не указано	комплект			12000
Менеджерская	Клапан штуцерный проходной Ду6 Ру100	Клапан штуцерный проходной Ду 20 Ру 100	521-01.052	2	2	6000	12000	не указано	комплект			12000
Менеджерская	Клапан штуцерный проходной Ду6 Ру100	Клапан штуцерный проходной Ду 20 Ру 100	521-01.470-02	2	2	6000	12000	не указано	комплект			12000
Менеджерская	Клапан штуцерный проходной Ду6 Ру100	Клапан штуцерный проходной Ду 20 Ру 100	521-01.468-05	2	2	6000	12000	не указано	комплект			12000
Менеджерская	Клапан штуцерный угловой Ду6Ру100	Клапан штуцерный угловой Ду15Ру40	521-01.465-02	2	2	6000	12000	не указано	комплект			12000
Менеджерская	Клапан штуцерный угловой Ду6Ру100	Клапан штуцерный угловой Ду15 Ру100	521-35.3362	2	2	6000	12000	не указано	комплект			12000
Склад 3	ЭЛЕКТРИКА	Диски тормозные 170мм	4	4	4	2890	11560	не указано	комплект			11560
Склад 2	ЭЛЕКТРИКА	Светильник СС328 (дно)Украина приход 31.01.14	23		23	500	11500	не указано	комплект	Украина		11500
Склад 3	ЗИП	Фонарь выхлопной 8NVD48A2U	1	1	1	11500	11500	не указано	комплект			11500
Склад 3	ЭЛЕКТРИКА	Автомат.выключ. АК 50 2МГ 32А	3	3	3	3661	10983	не указано	комплект			10983
Склад 3	ЭЛЕКТРИКА	Реле активной мощности РМ-53	1	1	1	10800	10800	не указано	комплект			10800
Склад 3	ЗИП	Клапан всасывающий	2	2	2	5400	10800	не указано	комплект			10800
Склад 2	ЭЛЕКТРИКА	Светильник СС-328 ДНО без армотизации	21		21	500	10500	не указано	не комплект			10500
Склад 3	ЭЛЕКТРИКА	ТРТ-122 11,5А	6	6	6	1716	10296	не указано	комплект			10296
Гараж 1		Дверь ВГН 1400*600 б/у левая		1	1	10000	10000	б/у	комплект			10000
Гараж 1		Трансформатор ОСВМ-2,5-74 50Hz		1	1	10000	10000	не указано	комплект			10000
Гараж 1		Трансформатор ОСВМ-0,63-74		1	1	10000	10000	не указано	комплект			10000
Гараж 1		РНП- 1А 230 Ампер			2	5000	10000	не указано	комплект			10000
Гараж 1		Ящик с ЗИП			1	10000	10000	не указано	комплект			10000
Склад 1А/1Б		Двигатель б/у на лапах		1	1	10000	10000	б/у	комплект			10000
Склад 2	Клапан невозв-запорн.с присоед.под дюрит проходной	Клапан невозв-запорн.с присоед.под дюрит прох. Ду 50 Ру6	522-03.124-04	1	1	10000	10000	не указано	комплект			10000
Склад 3	ЭЛЕКТРИКА	Лампочки накаливания 6V 21W BA15s	100	100	100	100	10000	не указано	комплект			10000
Менеджерская	Клапан штуцерный проходной Ду6 Ру100	Клапан штуцерный проходной Ду 10 Ру100	522-01.497	5	5	2000	10000	не указано	комплект			10000
Фойе		Стекло к светильникам СС-839		20	20	500	10000	не указано	комплект			10000
Склад 3	ЭЛЕКТРИКА	Автомат.выключ. АК 50 2МГ 15А	3	3	3	3306	9918	не указано	комплект			9918
Склад 2	ЭЛЕКТРИКА	Светильник СС-373 в сборе	2		2	4950	9900	не указано	комплект			9900
Склад 3	ЭЛЕКТРИКА	Диски тормозные 310мм	1	1	1	9890	9890	не указано	комплект			9890
Склад 1А/1Б		Клапан невозвратно-приемный фланцевый Ду 65 Ру1 (522-35.4044-01)		1	1	9750	9750	не указано	комплект			9750
Склад 1А/1Б		Клапан предохранит. фланцевый угловой Ду32Ру4 (524-03.090)		1	1	9600	9600	не указано	комплект			9600
Склад 2	Клапан цапковый угловой под дюрит	Клапан невозв-запор.цапковый угловой под дюрит Ду20Ру6	522-03.123	2	2	4800	9600	не указано	комплект			9600
Склад 2	Клапан штуцерный угловой Ду10 Ру100	Клапан штуцерный угловой Ду32Ру100 (Яшик мет.)	521-01.464-06	1	1	9600	9600	не указано	комплект			9600
Склад 2	Клапан штуцерный угловой Ду10 Ру100	Клапан штуцерный угловой Ду32Ру100 (Яшик мет.)	522-01.500-07	1	1	9600	9600	не указано	комплект			9600
Склад 2	Кран двухходовой фланцевый	Кран двухходовой фланцевый Ду32 Ру6	536-3М.72	1	1	9600	9600	не указано	комплект			9600
Склад 3	Клапана фланцевые проходные	Клапан фланцевый проходной ДУ32 Ру25 (сталь)	521-01.068	1	1	9600	9600	не указано	комплект			9600
Склад 3	ЭЛЕКТРИКА	Сельсин БД-1404	2	2	2	4800	9600	не указано	комплект			9600
Менеджерская	Клапан штуцерный угловой Ду6Ру100	Клапан штуцерный угловой Ду32 Ру100	522-01.500-07	1	1	9600	9600	не указано	комплект			9600
Склад 3	ЭЛЕКТРИКА	Автомат.выключ. АК 50 3МГ 1А	2	2	2	4682	9364	не указано	комплект			9364
Склад 3	ЭЛЕКТРИКА	Лампа Б230*35Вт	462	462	462	20	9240	не указано	комплект			9240
Склад 2	Клапан штуцерный угловой Ду10 Ру100	Клапан штуцерный угловой Ду20 Ру160	521-03.479	1	1	9000	9000	не указано	комплект			9000
Склад 2	Клапан предохранительный штуцерный сигнальный Ду6 Ру100-230	Клапан предохранительный штуцерный сигнальный Ду6Ру100-250	524-03.188	2	2	4500	9000	не указано	комплект			9000
Склад 2	Клапан предохранительный штуцерный угловой Ду10Ру5-9	Клапан предохранительный штуцерный угловой Ду6,5-9	524-03.004	1	1	9000	9000	не указано	комплект			9000
Склад 3	ЗИП	Клапан пусковой	1	1	1	9000	9000	не указано	комплект			9000
Менеджерская	Клапан штуцерный угловой Ду6Ру100	Клапан штуцерный угловой Ду20 ру 40	522-35.3632	2	2	4500	9000	не указано	комплект			9000
Склад 3	ЭЛЕКТРИКА	Тумблер ТП1-2	15	15	15	595	8925	не указано	комплект			8925
Склад 3	ЭЛЕКТРИКА	РДК-57	5	5	5	1716	8580	не указано	комплект			8580
Склад 2	ЭЛЕКТРИКА	Светильник СС-328 ДНО с Армотизатором	17		17	500	8500	не указано	комплект			8500
Склад 3	ЭЛЕКТРИКА	Автомат.выключ. АК 25 2МГ 0,6А	2	2	2	4004	8008	не указано	комплект			8008
Склад 3	ЭЛЕКТРИКА	Автомат.выключ. АК 25 2МГ 2А	2	2	2	4004	8008	не указано	комплект			8008
Склад 3	ЭЛЕКТРИКА	Автомат.выключ. АК 50 3МГ 15А	2	2	2	4004	8008	не указано	комплект			8008
Склад 3	ЗИП	Плунжерная пара 1ая/2ая модель	2	2	2	4000	8000	не указано	комплект			8000
Менеджерская	Клапан штуцерный проходной Ду6 Ру100	Клапан штуцерный проходной Ду 10 Ру 40	521-01.471-01	4	4	2000	8000	не указано	комплект			8000
Менеджерская	Клапан штуцерный проходной Ду6 Ру100	Клапан штуцерный проходной Ду 10	Без чертежа	4	4	2000	8000	не указано	комплект			8000
Менеджерская	Клапан штуцерный угловой Ду6Ру100	КМ 2244-9	1	2	2	4000	8000	не указано	комплект			8000
Фойе		Решетка СС373		4	4	2000	8000	не указано	комплект			8000
Фойе		Решетка СС 373		4	4	2000	8000	не указано	комплект			8000
Склад 3	ЭЛЕКТРИКА	Реле температуры комбинированное КРМ 60С 220В	1	1	1	7560	7560	не указано	комплект			7560
Контейнер 1		Стекло с решеткой светильника импортного		15	15	500	7500	не указано	комплект			7500
Склад 2	Клапан штуцерный угловой Ду10 Ру100	Клапан штуцерный угловой Ду25	521--01.468-08	1	1	7500	7500	не указано	комплект			7500
Склад 2	Клапан штуцерный угловой Ду10 Ру100	Клапан штуцерный угловой Ду25	521--35.3363	1	1	7500	7500	не указано	комплект			7500
Менеджерская	Клапан штуцерный угловой Ду6Ру100	Клапан штуцерный угловой Ду25 Ру100	521-01.464.-04	1	1	7500	7500	не указано	комплект			7500
Менеджерская	Клапан штуцерный проходной Ду6 Ру100	Клапан штуцерный проходной Ду 15 Ру40	522-01.501-01	1	1	6500	6500	не указано	комплект			6500
Менеджерская	Клапан штуцерный проходной Ду6 Ру100	Клапан штуцерный проходной Ду 15 Ру40	521-01.471-02	1	1	6500	6500	не указано	комплект			6500
Менеджерская	Клапан штуцерный проходной Ду6 Ру100	Клапан штуцерный проходной Ду 15 Ру 40	521-01.470.02	1	1	6500	6500	не указано	комплект			6500
Менеджерская	Клапан штуцерный проходной Ду6 Ру100	Клапан штуцерный проходной Ду 15	521 3м.770	1	1	6500	6500	не указано	комплект			6500
Менеджерская	Клапан штуцерный проходной Ду6 Ру100	Клапан штуцерный проходной Ду 15	без чертежа	1	1	6500	6500	не указано	комплект			6500
Менеджерская	Клапан штуцерный проходной Ду6 Ру100	Клапан штуцерный проходной Ду 15 Ру 100	521-01.470	1	1	6500	6500	не указано	комплект			6500
Склад 2	Клапан штуцерный проходной Ду 10 Ру100	Клапан штуцерный проходной Ду 10 Ру400	521-35.3238	1	1	6000	6000	не указано	комплект			6000
Склад 2	Клапан штуцерный проходной Ду 10 Ру100	Клапан невозвратный штуцерный проходной Ду20Ру160	522-03.089	1	1	6000	6000	не указано	комплект			6000
Склад 2	Клапан штуцерный угловой	Клапан штуцерный угловой Ду6Ру100	521-01.467-02	3	3	2000	6000	не указано	комплект			6000
Склад 2	Клапан редукционный штуцерный угловой Ду10Ру200…30	Клапан редукционный штуцерный угловой Ду10Ру200…30 с манометром	525-35.2634	1	1	6000	6000	не указано	комплект			6000
Склад 2	Клапан редукционный штуцерный угловой Ду10Ру200…30	Клапан редукционный штуцерный угловой Ду10Ру200…30 с манометром	525-35.2634-04	1	1	6000	6000	не указано	комплект			6000
Склад 2	Клапан предохранительный штуцерный сигнальный Ду6 Ру100-230	Клапан предохранительный штуцерный сигнальный Ду10Ру1,3-6,5	524-03.174	1	1	6000	6000	не указано	комплект			6000
Склад 2	Клапан предохранительный штуцерный сигнальный Ду6 Ру100-230	Клапан предохранительный штуцерный сигнальный Ду10Ру2,5-6,5	524-03.173	1	1	6000	6000	не указано	комплект			6000
Склад 3	ЭЛЕКТРИКА	Патрон к светильнику СС-373	12	12	12	500	6000	не указано	комплект			6000
Склад 3	ЭЛЕКТРИКА	Светильник СС937 (зеленый)	1	1	1	6000	6000	не указано	комплект			6000
Менеджерская	Клапан штуцерный проходной Ду6 Ру100	Клапан штуцерный проходной Ду 10 Ру100	521-01.469-02	3	3	2000	6000	не указано	комплект			6000
Менеджерская	Клапан штуцерный проходной Ду6 Ру100	Клапан штуцерный проходной Ду 10 Ру100	521-01.469.03	3	3	2000	6000	не указано	комплект			6000
Менеджерская	Клапан штуцерный проходной Ду6 Ру100	Клапан штуцерный проходной Ду 20	536 3м .333	1	1	6000	6000	не указано	комплект			6000
Менеджерская	Клапан штуцерный проходной Ду6 Ру100	Клапан штуцерный проходной Ду 20 Ру 40	521 3м 30	1	1	6000	6000	не указано	комплект			6000
Менеджерская	Клапан штуцерный проходной Ду6 Ру100	Клапан штуцерный проходной Ду 20 Ру 64	522-35 240	1	1	6000	6000	не указано	комплект			6000
Менеджерская	Клапан штуцерный проходной Ду6 Ру100	Клапан штуцерный проходной Ду 20 Ру 100	521-01.052	1	1	6000	6000	не указано	комплект			6000
Менеджерская	Клапан штуцерный проходной Ду6 Ру100	Клапан штуцерный проходной Ду 20 Ру 100	521-01.471-03	1	1	6000	6000	не указано	комплект			6000
Менеджерская	Клапан штуцерный проходной Ду6 Ру100	Клапан штуцерный проходной Ду 20 Ру 100	522-01.498.-03	1	1	6000	6000	не указано	комплект			6000
Менеджерская	Клапан штуцерный проходной Ду6 Ру100	Клапан штуцерный проходной Ду 20 Ру 100	425-322710	1	1	6000	6000	не указано	комплект			6000
Менеджерская	Клапан штуцерный угловой Ду6Ру100	Клапан штуцерный угловой Ду15 Ру100	521-01.464-02	1	1	6000	6000	не указано	комплект			6000
Менеджерская	Клапан штуцерный угловой Ду6Ру100	Клапан штуцерный угловой Ду15 Ру100	521-01.468-01	1	1	6000	6000	не указано	комплект			6000
Склад 3	ЗИП	Гайка рабочего колеса для Насос НЦВ 40/20	2	2	2	2900	5800	не указано	комплект			5800
Гараж 1		Трансформатор ОСВ-0,5 50Hz		1	1	5500	5500	не указано	комплект			5500
Склад 3	ЭЛЕКТРИКА	ЗМР2-1 замыкатель массы	1	1	1	5500	5500	не указано	комплект			5500
Склад 3	ЭЛЕКТРИКА	Переключатель ПП 3*25 СП44 камбузный выключатель	1	1	1	5500	5500	не указано	комплект			5500
Склад 3	ЭЛЕКТРИКА	Светильник СС-565 ЛВ(белый)	1	1	1	5300	5300	не указано	комплект			5300
Склад 3	ЭЛЕКТРИКА	Диски тормозные 260мм	1	1	1	5100	5100	не указано	комплект			5100
Контейнер 1		Автоматический выключатель (черный)		2	2	2500	5000	не указано	комплект			5000
Контейнер 1		Светильник СС-328 б/у в коробке		2	2	2500	5000	б/у	комплект			5000
Склад 2	Клапан штуцерный проходной	Клапан штуцерный проходной Ду 10 Ру100	521-01.469-02	2	2	2500	5000	не указано	комплект			5000
Склад 3	ЭЛЕКТРИКА	Автомат.выключ. АК 50 3МГ 2,5	1	1	1	4682	4682	не указано	комплект			4682
Склад 3	ЗИП	Фильтр	12	12	12	390	4680	не указано	комплект			4680
Склад 3	ЭЛЕКТРИКА	Светильник СС476 (зеленый)	1	1	1	4600	4600	не указано	комплект			4600
Склад 2	Клапан для манометра штущерный сальниковый	Клапан для манометра штущерный сальниковый Ду6Ру100 б/у	521-02.013	1	1	4500	4500	б/у	комплект			4500
Склад 2	Клапан для манометра штуцерный сальниковый Ду6Ру100	Клапан для манометра штущерный сальниковый Ду6Ру100 б/у	521-02.014	1	1	4500	4500	б/у	комплект			4500
Склад 2	Клапан предохранительный штуцерный сигнальный Ду6 Ру100-230	Клапан предохранительный штуцерный сигнальный Ду6 Ру100-230	524-35.2423-01	1	1	4500	4500	не указано	комплект			4500
Склад 2	ЭЛЕКТРИКА	Светильник СС373 (дно)	3		3	1500	4500	не указано	комплект			4500
Склад 3	ЗИП	Клапан нагнетательный	6	6	6	750	4500	не указано	комплект			4500
Менеджерская	Клапан штуцерный угловой Ду6Ру100	Клапан штуцерный угловой Ду20 ру 40	521-01.465-03	1	1	4500	4500	не указано	комплект			4500
Менеджерская	Клапан штуцерный угловой Ду6Ру100	Клапан штуцерный угловой Ду20 ру 40	521-33.3068	1	1	4500	4500	не указано	комплект			4500
Склад 3	ЭЛЕКТРИКА	Автомат.выключ. АК 25 2МГ 0,8А	1	1	1	4312	4312	не указано	комплект			4312
Склад 3	ЭЛЕКТРИКА	Автомат.выключ. АК 50 2МГ 20А	1	1	1	4312	4312	не указано	комплект			4312
Склад 3	ЭЛЕКТРИКА	Лампочки	85	85	85	50	4250	не указано	комплект			4250
Склад 3	ЭЛЕКТРИКА	Автомат.выключ. АК 50 3МГ 32А	2	2	2	2116	4232	не указано	комплект			4232
Склад 3	ЭЛЕКТРИКА	Автомат.выключ. АК 50 3МГ 35А	2	2	2	2116	4232	не указано	комплект			4232
Склад 3	ЗИП	Направляющая клапана	2	2	2	2100	4200	не указано	комплект			4200
Склад 3	ЭЛЕКТРИКА	Автомат.выключ. АК 25 2МГ 2,5А	1	1	1	4004	4004	не указано	комплект			4004
Склад 2	Клапан штуцерный проходной невозвратный	Клапан штуцерный проходной невозвратный Ду10Ру100	522-01-493-01	1	1	4000	4000	не указано	комплект			4000
Склад 2	Клапан штуцерный проходной Ду 10 Ру100	Клапан невозвратный штуцерный проходной Ду20 Ру40	522-3м-9	1	1	4000	4000	не указано	комплект			4000
Менеджерская	Клапан штуцерный проходной Ду6 Ру100	Клапан штуцерный проходной Ду 10 Ру100	521-01..501	2	2	2000	4000	не указано	комплект			4000
Фойе		Выключатель возбуждения на генератор (автомат)		4	4	1000	4000	не указано	комплект			4000
Склад 3	ЭЛЕКТРИКА	Светильник СС967 (СС835Б) без стекла	1	1	1	3600	3600	не указано	не комплект			3600
Склад 3	ЗИП	Фильтр	12	12	12	300	3600	не указано	комплект			3600
Склад 3	ЭЛЕКТРИКА	Светильник OWP-250 220V	1	1	1	3500	3500	не указано	комплект			3500
Склад 3	ЭЛЕКТРИКА	Трансформатор ОСВМ-0,65-74 ОМ5	1	1	1	3500	3500	не указано	комплект			3500
Склад 3	ЭЛЕКТРИКА	Универсальный переключатель УП 5112-Ф105 16А 380V	1	1	1	3480	3480	не указано	комплект			3480
Склад 3	ЭЛЕКТРИКА	ТРТ-131 14,5А	2	2	2	1716	3432	не указано	комплект			3432
Контейнер 1		Лампочка HQ-T 400Вт Е40		30	30	100	3000	не указано	комплект			3000
Склад 1А/1Б		Гак		1	1	3000	3000	не указано	комплект			3000
Склад 2	Прочее	Сетка на фильтр Ду20 маленькая		1	1	3000	3000	не указано	комплект			3000
Склад 3	ЭЛЕКТРИКА	Манометр МT-УХЛ3 от0до160kgf/cm2	1	1	1	3000	3000	не указано	комплект			3000
Склад 3	ЭЛЕКТРИКА	Автомат.выключ. АК 50 2МГ 8А	1	1	1	2849	2849	не указано	комплект			2849
Менеджерская	Клапан штуцерный угловой Ду6Ру100	КМ 2521-7	1	1	1	2600	2600	не указано	комплект			2600
Склад 2	Клапан муфтовый проходной запорный	Клапан муфтовый проходной запорный Ду25Ру16	521-03.124	2	2	1250	2500	не указано	комплект			2500
Склад 3	ЭЛЕКТРИКА	Манометр МT-УХЛ3 от0до60kgf/cm2	1	1	1	2500	2500	не указано	комплект			2500
Склад 3	ЭЛЕКТРИКА	Автомат.выключ. АК 50 2МГ 25А	7	7	7	342	2394	не указано	комплект			2394
Склад 2	Клапан штуцерный проходной	Клапан штуцерный проходной Ду 10 Ру25 СТАЛЬ	521-3м-953	1	1	2000	2000	не указано	комплект			2000
Склад 2	Клапан штуцерный проходной	Клапан штуцерный проходной Ду 10 Ру63 СТАЛЬ	522-03.134	1	1	2000	2000	не указано	комплект			2000
Склад 2	Клапан штуцерный проходной	Клапан штуцерный проходной Ду 10 Ру6	521-3м-52	1	1	2000	2000	не указано	комплект			2000
Склад 2	Клапан штуцерный угловой Ду10 Ру100	Клапан штуцерный угловой Ду10 Ру100	522-01.499-01	1	1	2000	2000	не указано	комплект			2000
Склад 2	Клапан штуцерный угловой Ду10 Ру100	Клапан штуцерный угловой Ду10 Ру100	521-01.467-03	1	1	2000	2000	не указано	комплект			2000
Менеджерская	Клапан штуцерный проходной Ду6 Ру100	Клапан штуцерный проходной Ду 10 Ру 40	Без чертежа	1	1	2000	2000	не указано	комплект			2000
Менеджерская	Клапан штуцерный проходной Ду6 Ру100	Клапан штуцерный проходной Ду 10 Ру100	521-01.471-01	1	1	2000	2000	не указано	комплект			2000
Менеджерская	Клапан штуцерный проходной Ду6 Ру100	Клапан штуцерный проходной Ду 10 Ру100	522-01.497	1	1	2000	2000	не указано	комплект			2000
Склад 3	ЭЛЕКТРИКА	ТРТ-132	1	1	1	1848	1848	не указано	комплект			1848
Склад 3	ЗИП	Седло клапана	1	1	1	1600	1600	не указано	комплект			1600
Контейнер 1		Стекло к светильникам СС-328(опал)		3	3	500	1500	не указано	комплект			1500
Склад 2	Клапан муфтовый проходной запорный	Клапан муфтовый проходной запорный Ду32Ру10		1	1	1500	1500	не указано	комплект			1500
Склад 3	ЗИП	Кулачковая шайба топливная	2	2	2	750	1500	не указано	комплект			1500
Склад 3	ЭЛЕКТРИКА	РШП-2 380В 35А (вилка)	1	1	1	1373	1373	не указано	комплект			1373
Контейнер 1		Стекло к светильникам СС-328 (синий)		2	2	500	1000	не указано	комплект			1000
Склад 2	Клапан муфтовый проходной запорный	Клапан муфтовый проходной запорный Ду20Ру16		1	1	1000	1000	не указано	комплект			1000
Склад 2	ЭЛЕКТРИКА	Светильник СС854 (прикроватный) КИТАЙ	1		1	1000	1000	не указано	комплект	Китай		1000
Фойе		Стекло к светильникам СС-838		2	2	500	1000	не указано	комплект			1000
Фойе		Стекло к светильникам СС-840 брак		2	2	500	1000	не указано	брак			1000
Склад 3	ЭЛЕКТРИКА	Розетка РС-2	1	1	1	630	630	не указано	комплект			630
Склад 3	ЭЛЕКТРИКА	РС-1	1	1	1	515	515	не указано	комплект			515
Склад 3	ЭЛЕКТРИКА	Звонок ЗПВ 24В	1	1	1	299	299	не указано	комплект			299
